0,200000.0,30000.0,500000.0,45000.0,45000.0,2e-09,2e-08,-1650612.7960624655
1,210000.0,30000.0,500000.0,45000.0,45000.0,2e-09,2e-08,-1651050.1510387075
2,200000.0,31500.0,500000.0,45000.0,45000.0,2e-09,2e-08,-1650683.2861586525
3,200000.0,30000.0,525000.0,45000.0,45000.0,2e-09,2e-08,-1651109.2364817886
4,200000.0,30000.0,500000.0,47250.0,45000.0,2e-09,2e-08,-1650756.0085243182
5,200000.0,30000.0,500000.0,45000.0,47250.0,2e-09,2e-08,-1650571.3125808863
6,200000.0,30000.0,500000.0,45000.0,45000.0,2.1e-09,2e-08,-1650622.373834467
7,200000.0,30000.0,500000.0,45000.0,45000.0,2e-09,2.1000000000000003e-08,-1651721.810816272
8,202857.14285714284,30428.571428571428,507142.85714285716,45642.857142857145,45642.857142857145,2.0285714285714278e-09,1.899999999999999e-08,-1649872.392493203
9,204285.71428571432,30642.857142857145,510714.2857142857,45964.28571428571,45964.28571428571,2.042857142857141e-09,1.799999999999999e-08,-1649045.4374298868
10,204081.63265306124,30612.244897959186,478061.22448979586,45918.36734693877,45918.36734693877,2.0408163265306118e-09,1.942857142857142e-08,-1649881.5998195256
11,192390.67055393587,30787.17201166181,496793.0029154519,46180.75801749271,46180.75801749271,2.0524781341107866e-09,1.9265306122448968e-08,-1649604.5779279952
12,200216.576426489,31012.07830070804,495876.7180341525,43625.26030820492,46518.11745106206,2.067471886713868e-09,1.905539358600582e-08,-1649549.9104929648
13,200278.45540548582,29372.672100910335,494698.6374724817,45482.477539120606,46951.86529422263,2.0867495686321167e-09,1.8785506039150334e-08,-1649307.3778407082
14,200358.01409276755,30693.435558313286,493183.9624646193,45620.32826458363,47509.54109257196,1.982963731098435e-09,1.8438507764621865e-08,-1649017.208857787
15,200537.0211391513,31040.153337469936,489775.9436969289,45930.49239687546,48764.31163885794,1.924445596647652e-09,1.76577616469328e-08,-1648338.9535400928
16,200511.4487039536,30990.622226161846,490262.8035208847,45886.183235119475,48585.058703674236,2.06137675871205e-09,1.776929680660267e-08,-1648443.3797812772
17,200657.57690508326,31273.65714792237,487480.74738399475,46139.378445153605,46716.504047581155,2.078912975486922e-09,1.713195303706057e-08,-1647980.2733527627
18,200986.36535762483,31910.485721883553,481221.121075992,46709.067667730415,46449.756071371725,2.118369463230383e-09,1.5697929555590853e-08,-1647118.301476076
19,195691.58216761157,31032.33819965586,510322.3504902547,45446.92547558389,48199.962050480375,2.0602546880133874e-09,1.6637483930494707e-08,-1647700.612985989
20,208325.66187064425,30927.458568237256,495456.09994311375,44974.86836448456,48514.48681792291,2.0508147529768126e-09,1.60499428960588e-08,-1647453.5314194583
21,202816.6375535641,30678.375212770807,496252.2082269734,47915.96837556655,48747.51863202808,2.0310618193060013e-09,1.540115523537423e-08,-1647071.334312753
22,204116.66811710165,30511.523668802183,496439.9533233838,50061.32240924737,49862.21922251108,2.012856785602068e-09,1.3574036060058432e-08,-1646509.592687829
23,203851.39077788603,32643.167574823317,497927.807603188,47366.992536115635,49145.30048266421,1.990671913664881e-09,1.4182051359632018e-08,-1646635.1353581948
24,199720.0394668494,31944.499799152552,478258.87990107026,47285.95773861624,51041.741424994994,2.019654273956354e-09,1.3876714930105803e-08,-1646508.375992315
25,197437.20205741702,32595.321127300253,462031.1769944625,47946.79375078151,53580.469280349644,2.00805283950596e-09,1.181507239515871e-08,-1646864.530282247
26,203268.18812372338,31869.271165273778,495280.6696316671,47763.9957902101,49122.87778455527,1.9892139481712464e-09,1.2995251873075454e-08,-1646446.1391063228
27,204646.55783360824,32308.595634829748,497789.6026870583,48702.90206775541,49391.78732499579,1.953132542900845e-09,1.0608229406311846e-08,-1647134.2929742078
28,204022.94911268895,32056.63086190963,497340.30829411966,48243.54474083545,49046.0723195708,2.1446503535280996e-09,1.1774641383071791e-08,-1646619.854205512
29,211248.7786399651,32357.10104608193,473084.7465876123,49526.145737913175,49852.16769911704,2.032954309452282e-09,1.1405535514531911e-08,-1646843.0207026917
30,199449.87515673845,32870.449956884724,481559.1818903242,51298.56781284926,49919.83746915855,2.0372912606247058e-09,1.0666103011388706e-08,-1647263.829031806
31,201668.82183521488,32384.702109722857,485033.41140352155,49717.64295075808,49568.49980634963,2.0406721337127323e-09,1.2012062982556229e-08,-1646607.9448142238
32,206984.15923478355,32022.91319976394,496883.3865653116,50423.96144761132,52875.63785427484,1.9475373133660914e-09,9.965011616703897e-09,-1647611.12221414
33,202485.81382691453,31938.59259135365,485136.6874483219,47637.79111270064,48056.2265170975,2.0756614257643102e-09,1.4264700070869115e-08,-1646623.839050248
34,194218.04172014305,31456.72403135748,508463.1727281797,47067.35348451069,48960.10017452395,2.0451545003762004e-09,1.507430981671633e-08,-1646858.0900857542
35,206991.0944100096,32132.006792400818,481929.35312275414,48911.44767456256,49629.150817968766,2.036004357183262e-09,1.2322729090078017e-08,-1646545.0166574605
36,202512.48776282888,31024.611564781102,479049.1247181945,49667.77958300736,49805.21034392093,2.1003890228831395e-09,1.1766559037457938e-08,-1646718.820128495
37,203516.66502412176,32238.528572312764,493208.1368819396,47942.189297838566,49310.27794797839,2.0181011909694454e-09,1.3578178279088498e-08,-1646502.1846153692
38,204172.59362728824,31814.882542810512,494146.37328266556,49483.95191646175,51252.58471831077,1.9989537294137493e-09,1.148776124285495e-08,-1646720.9456134492
39,202907.50877700796,31907.665079217863,487389.10890690784,48099.33131364091,48855.31606740082,2.05648450167667e-09,1.3570465363865574e-08,-1646499.5862557727
0,200000.0,30000.0,500000.0,45000.0,45000.0,2e-09,2e-08,-1550288.7514773246
1,210000.0,30000.0,500000.0,45000.0,45000.0,2e-09,2e-08,-1551105.0743466236
2,200000.0,31500.0,500000.0,45000.0,45000.0,2e-09,2e-08,-1550414.0842647254
3,200000.0,30000.0,525000.0,45000.0,45000.0,2e-09,2e-08,-1551269.0911184903
4,200000.0,30000.0,500000.0,47250.0,45000.0,2e-09,2e-08,-1550545.2969266272
5,200000.0,30000.0,500000.0,45000.0,47250.0,2e-09,2e-08,-1550206.2129461016
6,200000.0,30000.0,500000.0,45000.0,45000.0,2.1e-09,2e-08,-1550293.1133694432
7,200000.0,30000.0,500000.0,45000.0,45000.0,2e-09,2.1000000000000003e-08,-1552380.6070828668
8,202857.14285714284,30428.571428571428,507142.85714285716,45642.857142857145,45642.857142857145,2.0285714285714278e-09,1.899999999999999e-08,-1548797.8948045068
9,204285.71428571432,30642.857142857145,510714.2857142857,45964.28571428571,45964.28571428571,2.042857142857141e-09,1.799999999999999e-08,-1547021.8481967228
10,204081.63265306124,30612.244897959186,478061.22448979586,45918.36734693877,45918.36734693877,2.0408163265306118e-09,1.942857142857142e-08,-1548738.8639386804
11,192390.67055393587,30787.17201166181,496793.0029154519,46180.75801749271,46180.75801749271,2.0524781341107866e-09,1.9265306122448968e-08,-1548230.6287981106
0,200000.0,30000.0,500000.0,45000.0,45000.0,2e-09,2e-08,-1649735.7953288078
1,210000.0,30000.0,500000.0,45000.0,45000.0,2e-09,2e-08,-1650177.3545430426
2,200000.0,31500.0,500000.0,45000.0,45000.0,2e-09,2e-08,-1649806.7270708256
3,200000.0,30000.0,525000.0,45000.0,45000.0,2e-09,2e-08,-1650238.9736417998
4,200000.0,30000.0,500000.0,47250.0,45000.0,2e-09,2e-08,-1649876.4278149398
5,200000.0,30000.0,500000.0,45000.0,47250.0,2e-09,2e-08,-1649694.176688147
6,200000.0,30000.0,500000.0,45000.0,45000.0,2.1e-09,2e-08,-1649743.9736650377
7,200000.0,30000.0,500000.0,45000.0,45000.0,2e-09,2.1000000000000003e-08,-1650854.7813955583
8,202857.14285714284,30428.571428571428,507142.85714285716,45642.857142857145,45642.857142857145,2.0285714285714278e-09,1.899999999999999e-08,-1648986.9555662028
9,204285.71428571432,30642.857142857145,510714.2857142857,45964.28571428571,45964.28571428571,2.042857142857141e-09,1.799999999999999e-08,-1648149.8870829004
10,204081.63265306124,30612.244897959186,478061.22448979586,45918.36734693877,45918.36734693877,2.0408163265306118e-09,1.942857142857142e-08,-1648992.5736445284
11,192390.67055393587,30787.17201166181,496793.0029154519,46180.75801749271,46180.75801749271,2.0524781341107866e-09,1.9265306122448968e-08,-1648713.7715993728
12,200216.576426489,31012.07830070804,495876.7180341525,43625.26030820492,46518.11745106206,2.067471886713868e-09,1.905539358600582e-08,-1648662.8631474867
13,200278.45540548582,29372.672100910335,494698.6374724817,45482.477539120606,46951.86529422263,2.0867495686321167e-09,1.8785506039150334e-08,-1648413.9993596517
14,200358.01409276755,30693.435558313286,493183.9624646193,45620.32826458363,47509.54109257196,1.982963731098435e-09,1.8438507764621865e-08,-1648121.263828486
15,200537.0211391513,31040.153337469936,489775.9436969289,45930.49239687546,48764.31163885794,1.924445596647652e-09,1.76577616469328e-08,-1647433.6584345133
16,200511.4487039536,30990.622226161846,490262.8035208847,45886.183235119475,48585.058703674236,2.06137675871205e-09,1.776929680660267e-08,-1647537.5862521857
17,200657.57690508326,31273.65714792237,487480.74738399475,46139.378445153605,46716.504047581155,2.078912975486922e-09,1.713195303706057e-08,-1647065.8332580815
18,200986.36535762483,31910.485721883553,481221.121075992,46709.067667730415,46449.756071371725,2.118369463230383e-09,1.5697929555590853e-08,-1646182.9262680418
19,195691.58216761157,31032.33819965586,510322.3504902547,45446.92547558389,48199.962050480375,2.0602546880133874e-09,1.6637483930494707e-08,-1646785.3061355643
20,208325.66187064425,30927.458568237256,495456.09994311375,44974.86836448456,48514.48681792291,2.0508147529768126e-09,1.60499428960588e-08,-1646532.5508392828
21,202816.6375535641,30678.375212770807,496252.2082269734,47915.96837556655,48747.51863202808,2.0310618193060013e-09,1.540115523537423e-08,-1646136.3227003058
22,204116.66811710165,30511.523668802183,496439.9533233838,50061.32240924737,49862.21922251108,2.012856785602068e-09,1.3574036060058432e-08,-1645546.276833059
23,203851.39077788603,32643.167574823317,497927.807603188,47366.992536115635,49145.30048266421,1.990671913664881e-09,1.4182051359632018e-08,-1645685.549948596
24,199720.0394668494,31944.499799152552,478258.87990107026,47285.95773861624,51041.741424994994,2.019654273956354e-09,1.3876714930105803e-08,-1645545.8677326716
25,197437.20205741702,32595.321127300253,462031.1769944625,47946.79375078151,53580.469280349644,2.00805283950596e-09,1.181507239515871e-08,-1645861.066723378
26,203268.18812372338,31869.271165273778,495280.6696316671,47763.9957902101,49122.87778455527,1.9892139481712464e-09,1.2995251873075454e-08,-1645476.3099010927
27,204646.55783360824,32308.595634829748,497789.6026870583,48702.90206775541,49391.78732499579,1.953132542900845e-09,1.0608229406311846e-08,-1646122.018515824
28,204022.94911268895,32056.63086190963,497340.30829411966,48243.54474083545,49046.0723195708,2.1446503535280996e-09,1.1774641383071791e-08,-1645627.2413276243
29,211248.7786399651,32357.10104608193,473084.7465876123,49526.145737913175,49852.16769911704,2.032954309452282e-09,1.1405535514531911e-08,-1645839.474854625
30,199449.87515673845,32870.449956884724,481559.1818903242,51298.56781284926,49919.83746915855,2.0372912606247058e-09,1.0666103011388706e-08,-1646241.9038605182
31,201668.82183521488,32384.702109722857,485033.41140352155,49717.64295075808,49568.49980634963,2.0406721337127323e-09,1.2012062982556229e-08,-1645614.9048508096
32,206984.15923478355,32022.91319976394,496883.3865653116,50423.96144761132,52875.63785427484,1.9475373133660914e-09,9.965011616703897e-09,-1646583.784520628
33,202485.81382691453,31938.59259135365,485136.6874483219,47637.79111270064,48056.2265170975,2.0756614257643102e-09,1.4264700070869115e-08,-1645669.4832063292
34,194218.04172014305,31456.72403135748,508463.1727281797,47067.35348451069,48960.10017452395,2.0451545003762004e-09,1.507430981671633e-08,-1645919.397029857
35,206991.0944100096,32132.006792400818,481929.35312275414,48911.44767456256,49629.150817968766,2.036004357183262e-09,1.2322729090078017e-08,-1645559.5433931642
36,202512.48776282888,31024.611564781102,479049.1247181945,49667.77958300736,49805.21034392093,2.1003890228831395e-09,1.1766559037457938e-08,-1645718.5441110518
37,203516.66502412176,32238.528572312764,493208.1368819396,47942.189297838566,49310.27794797839,2.0181011909694454e-09,1.3578178279088498e-08,-1645540.6653844905
38,204172.59362728824,31814.882542810512,494146.37328266556,49483.95191646175,51252.58471831077,1.9989537294137493e-09,1.148776124285495e-08,-1645722.5550561924
39,202907.50877700796,31907.665079217863,487389.10890690784,48099.33131364091,48855.31606740082,2.05648450167667e-09,1.3570465363865574e-08,-1645535.1718383327
40,202316.7611027478,31654.282620056896,479099.5526119501,48836.99445198565,50208.23712950319,1.9047745582638375e-09,1.4490912496593357e-08,-1645711.8752297082
41,203596.40211020366,31956.043801446445,492780.1193735773,48391.907168623,49336.6135220539,2.084681404712034e-09,1.2453709161452183e-08,-1645512.279904779
42,205221.62560164722,31203.737569878962,493619.7946368498,46984.11459002444,49619.55641863987,2.0213268555075765e-09,1.437967551965062e-08,-1645723.8723095893
43,202557.02277682297,32089.46097476188,487180.00721185363,49034.26086057467,49581.26395942219,2.0358358141614435e-09,1.2603966116829826e-08,-1645510.043498265
44,198632.4754173706,31444.276939304174,498224.03980021714,47825.399347937695,49545.22344743599,2.0259464768879555e-09,1.4149362848343631e-08,-1645618.9482971532
45,204901.43966184984,31960.074329126655,486003.02479211986,48639.935592906346,49608.168975335575,2.0334898871094354e-09,1.277938752964442e-08,-1645504.041092442
46,201731.12215163524,33478.63168013837,480731.4600192263,46269.41409429829,49239.5692579864,2.054989220328397e-09,1.2671013441102068e-08,-1645528.9836272092
47,206702.34585468343,32483.978944355382,499618.98490387015,48754.33772369572,47545.140722071446,2.0582874309375516e-09,1.2023848431339346e-08,-1645541.410323951
48,204956.76925772493,32349.109158054674,494278.9586531702,48387.24272742585,48419.29089780234,2.048629141692252e-09,1.248706505603096e-08,-1645502.0395584875
49,203317.178649869,32221.544624264283,484975.67700049526,48225.26428721264,49022.03647046632,2.068562785559548e-09,1.2010638447197354e-08,-1645617.1381946888
50,203466.79343055858,32234.282585300643,491150.0219115785,48012.95804518208,49238.21757860038,2.030716589616971e-09,1.3186293321115713e-08,-1645497.8796071457
51,204086.1305122831,32645.727404811412,491869.25154829014,48043.44419470776,49586.398782815195,2.022817214263839e-09,1.1908587921634603e-08,-1645608.870930896
52,203202.16421082674,32092.18066061625,488509.1445672534,48085.35953390763,49038.08674625441,2.0480676798234622e-09,1.3154996003307832e-08,-1645497.9012276763
53,205682.81486885337,30678.631941170286,500749.0960211223,50392.202968224476,49144.57916030621,2.022334912610701e-09,1.2946320576456903e-08,-1645484.0701995788
54,204413.65284132768,31836.245002640462,490977.2871374985,48841.22297950018,48992.667935739344,1.9748294447695407e-09,1.3304370974679558e-08,-1645508.891547071
55,205983.497907424,31630.480408718904,497662.336420835,48143.71560724152,48579.84720589025,2.006244644065302e-09,1.335422969297327e-08,-1645518.987717741
56,203413.64155947324,31974.71583325114,489800.58951409895,48811.62454724139,49330.90977103921,2.028438021637408e-09,1.2791532010865687e-08,-1645492.6040480442
57,203841.15033381802,31923.259475300518,493528.85717421863,48328.29679338493,49265.08375394446,2.082567749705167e-09,1.2507299416891005e-08,-1645504.6465084474
58,203984.2759606954,31901.505857135508,492890.96466503857,48456.52833991373,49196.97979939318,2.0556331734712607e-09,1.2706567306338144e-08,-1645491.212103068
0,200000.0,30000.0,500000.0,45000.0,45000.0,2e-09,1e-08,-1869647.5785738393
1,210000.0,30000.0,500000.0,45000.0,45000.0,2e-09,1e-08,-1868770.74546165
2,200000.0,31500.0,500000.0,45000.0,45000.0,2e-09,1e-08,-1869520.5201552052
3,200000.0,30000.0,525000.0,45000.0,45000.0,2e-09,1e-08,-1868484.9994063922
4,200000.0,30000.0,500000.0,47250.0,45000.0,2e-09,1e-08,-1869349.1449522206
5,200000.0,30000.0,500000.0,45000.0,47250.0,2e-09,1e-08,-1869750.7235216654
6,200000.0,30000.0,500000.0,45000.0,45000.0,2.1e-09,1e-08,-1869655.653136939
7,200000.0,30000.0,500000.0,45000.0,45000.0,2e-09,1.0500000000000001e-08,-1867320.9356863922
8,202857.14285714284,30428.571428571428,507142.85714285716,45642.857142857145,42750.0,2.0285714285714286e-09,1.014285714285714e-08,-1868147.3484118497
9,203673.4693877551,30551.020408163262,509183.6734693878,45826.5306122449,44357.142857142855,1.908163265306122e-09,1.018367346938775e-08,-1867830.2419059584
10,204723.03206997085,30708.45481049562,511807.58017492725,46062.682215743436,44173.4693877551,1.9819241982507283e-09,1.0236151603498539e-08,-1867332.8413656894
11,206072.46980424825,28982.299042065802,515181.17451062065,46366.30570595585,43937.317784256564,1.976759683465222e-09,1.0303623490212407e-08,-1866846.4856414495
12,209108.70470637234,27723.448563098704,522771.76176593103,47049.45855893378,43405.97667638486,1.9651395251978326e-09,1.045543523531861e-08,-1865570.1671802315
13,208674.95686321176,29831.85577437972,521687.3921580296,44059.00815136552,43481.88254893794,1.96679954780746e-09,1.0433747843160585e-08,-1865961.3682927669
14,198296.3731098437,29783.814567059635,527883.7899174666,46040.153337469936,43048.13470577735,1.9573137043238766e-09,1.0557675798349318e-08,-1865756.7070559594
15,207809.62256979902,29722.04730050524,503707.72989388555,46337.34000531849,42490.45890742804,1.9451176198449853e-09,1.0717011740734841e-08,-1865272.0343381078
16,211714.43385469855,29583.070950757858,493061.59484082833,47006.01000797772,41235.68836114206,1.917676429767478e-09,1.1075517611102264e-08,-1863808.3077905476
17,207483.1342833864,29051.904306844226,517541.65495044866,46083.95510963864,44307.79843918291,1.884861905900999e-09,1.084062901737631e-08,-1864344.9818469787
18,207755.28343724023,28501.136441161245,517888.8333327926,45973.83149664913,42686.557176908624,1.9986125379076993e-09,1.0987514275985287e-08,-1863695.9708501576
19,209796.19046198286,27476.19445766024,522241.4132644951,46047.48193885124,41851.2643367915,2.043837174208488e-09,1.1389434679284057e-08,-1861821.7406887896
20,208155.19458131358,27420.199080875922,518246.021795701,45733.336956895655,42206.7434888782,1.9425410266653103e-09,1.1264545592098929e-08,-1862638.8325822956
21,215208.28224594548,27391.56791447894,535266.7510551143,47005.54401746641,40582.139587741374,1.9080483753918414e-09,1.1219138793340019e-08,-1861355.0739195568
22,222812.42336891824,26087.351871718405,552900.1265826714,48008.31602619961,38373.20938161206,1.862072563087762e-09,1.1578708190010031e-08,-1858707.2747689602
23,210572.6015272212,26489.85388219599,522497.28301841114,49074.90954462491,40640.636133853186,1.911326831950182e-09,1.1612522477850705e-08,-1860562.9561561914
24,224458.67911412584,25596.763465269323,514761.8832878154,47960.8375605648,40386.5272421783,1.907673569041282e-09,1.1789979288233803e-08,-1859426.1105941068
25,218032.05449124094,27049.505155564715,517585.37473131786,47211.926339566955,39165.98543322606,1.883428903551168e-09,1.2273518152097421e-08,-1858078.5125948342
26,222493.72938367527,26712.533451797717,514992.1812140113,47293.160229883535,37045.989811646665,1.8425735927278351e-09,1.3182559610486829e-08,-1855082.7498946097
27,223946.36637145228,25052.657738948757,522087.06047924666,48522.91696607493,36189.36120541766,1.951624147655669e-09,1.2557447396642724e-08,-1856448.6375659048
28,223209.9046620698,23227.087320232524,554860.1107712723,48034.26405576362,37819.6635246801,1.928508971757245e-09,1.2745967313071186e-08,-1855104.5042936262
29,231070.48967281368,24191.927258502066,540136.8520951343,49964.344849379384,35595.15697860166,1.8996352163142504e-09,1.298020268092374e-08,-1854064.7433204951
30,242528.1372185637,22577.791347315142,551082.267244851,52079.84879562125,32289.363723463393,1.8781823111387204e-09,1.3838031225336143e-08,-1850713.7173434198
31,238781.47857973905,22736.38813590486,544381.7046207276,51373.733255072366,33218.664526880326,1.7510091078939962e-09,1.355491260689635e-08,-1851835.4340604339
32,246064.7466723629,22650.309926714515,550378.5267531876,49003.11242371224,32308.72941354067,1.8377143861362486e-09,1.3886793416628459e-08,-1850760.7975122635
33,238351.83124495455,22701.556475482663,568290.1103310327,50414.977225814495,30254.896068461952,1.8213793110722831e-09,1.4308426357215259e-08,-1849530.2802560034
34,245298.40731036884,21253.952980589325,595054.2238526414,51642.04705843935,25189.08048160377,1.7782321820877842e-09,1.556764989170599e-08,-1846265.8045290788
35,246422.65383057663,20829.996957282412,542195.8948275966,51405.7076265339,28501.31995759724,1.8430259224543801e-09,1.5659395084495026e-08,-1847312.8445916486
36,251710.50724493526,20658.21658100452,578754.342173407,51714.761161075425,28488.584920128676,1.7224462735432485e-09,1.556692664582013e-08,-1846531.974100644
37,260589.99826370785,21749.8239313699,552808.2151391341,53254.98467290439,24192.260142422958,1.686686392809102e-09,1.6184395110177084e-08,-1845487.6822467772
38,279280.04506452684,21011.192236938587,551782.2673230651,55865.34498147477,17378.55845129439,1.5657751033350301e-09,1.7903609008730035e-08,-1843203.3788677005
39,277530.83516520285,16635.423166987814,603187.5978704107,56445.28414209628,19346.667752498615,1.6935364891548532e-09,1.709667406940236e-08,-1843411.927885579
40,272314.33070784307,18868.43563461866,590599.758249318,53813.72565605711,19210.565387441602,1.7686802257775086e-09,1.7736252919423118e-08,-1843321.494716754
41,272530.9437682135,17873.978331781625,596094.7165443238,57558.807410944355,16378.167921895809,1.6622509017184727e-09,1.8504217681918057e-08,-1842913.2859395407
42,285764.04231613874,15485.812534315177,618952.8114398918,61836.65490456042,8412.887176073375,1.574519159509585e-09,2.0812929814562855e-08,-1846815.193808687
43,284639.7836647697,16602.550335314278,608251.6758525097,56047.48778627052,11851.477668668063,1.5600882883102166e-09,1.9886176003662352e-08,-1843451.7327557635
44,291664.4470053834,17142.502833356106,636011.1285625964,58047.851858139766,10882.423637697313,1.514405352953367e-09,1.927246383569413e-08,-1843813.0819159646
45,297792.00495115283,16309.793567448738,615811.7630422687,59548.25280847376,5864.8268801854865,1.5755447388388172e-09,2.0423657185761596e-08,-1849363.5351138397
46,263230.8816714897,19571.110827615572,588018.6973906225,53673.13407292501,22832.64541014288,1.6857208898671406e-09,1.67811092808055e-08,-1844292.5532084163
47,309327.66898889653,15233.245124157147,597501.7309453145,60201.277486677165,8491.064155435852,1.4933270325169556e-09,2.0769636622475596e-08,-1846396.3558022128
48,261305.72273000077,19748.77601648128,595666.1006258097,53781.8546654988,21014.576400061793,1.7070058946950771e-09,1.686814657439839e-08,-1844071.8529264855
49,290845.14921592176,16966.848759663953,606722.2297602443,58201.25349864116,10328.050938302145,1.5919197546884381e-09,1.9581045031545485e-08,-1843886.1165086394
50,301210.1442962453,15994.34721170758,602233.7205634669,59355.21828696519,9092.826959309044,1.5377529955728902e-09,2.0269121582851765e-08,-1845190.6857022813
51,271281.8281215619,18810.168815287856,597308.0056102241,55175.1955708654,18034.139039873604,1.6646926699145304e-09,1.771839032651173e-08,-1843200.1916334522
52,266081.19749765005,19302.93734156031,588487.8131004551,54071.23147445831,21981.09187866054,1.6736313970726982e-09,1.70240360671236e-08,-1843973.0633171883
53,284654.16128635383,17550.870905138043,602163.625595297,57168.747992595454,13241.311173391743,1.6123476652845031e-09,1.8941792790440014e-08,-1843008.4488982854
54,263258.9609313228,19243.95985980585,549528.1991645887,53973.46058194706,22100.68704660664,1.7791293166166656e-09,1.723813982147377e-08,-1844299.014732615
55,284563.07548686827,17667.867089968542,614390.3962130945,57029.25403909159,13686.989489924645,1.5805863438691915e-09,1.876388283213904e-08,-1842984.4655871135
56,270261.7076496789,20088.288573463185,579041.5719776999,56254.329297479475,21656.064964566336,1.7393029685623801e-09,1.630377246164175e-08,-1844419.2263531461
57,281045.264660997,17473.984894851506,600949.1498838072,56099.19816407276,14302.624492642632,1.6048919583732574e-09,1.89905751181572e-08,-1842919.1407230352
58,278374.7788623299,20295.004806893565,583466.0933921977,55757.651233647004,12719.719663634074,1.5805277589230022e-09,1.9634388981260267e-08,-1843072.3629747464
59,285322.8399352572,18469.58353134126,594015.7430541134,58944.617027568995,11001.294679031795,1.4516261746276305e-09,1.9537134720335845e-08,-1843589.863388566
60,275566.4580146966,18768.72260879931,591453.7544505168,55096.44849893508,17158.24771033915,1.689416712990039e-09,1.81864733696513e-08,-1843005.3872341628
61,277296.1007071935,15686.12132098154,644167.9445882095,56673.31299285428,12770.355689191802,1.6898574712572545e-09,1.945059701986357e-08,-1843399.1715402685
62,278784.05897519353,19679.924507949327,574878.6866393512,56067.33698431965,16226.507760768742,1.5967956953155862e-09,1.829035601151342e-08,-1842949.4348126797
63,287437.8121797674,18135.64636910698,592233.8294522297,57618.35995016484,11598.309020868335,1.5715407690780564e-09,1.9799234469225216e-08,-1843491.3496918012
64,275320.8241361133,18641.53820374264,596039.4615707255,55785.98666569026,16425.181535122287,1.6414046947054119e-09,1.82386013621901e-08,-1842952.0345896313
65,279472.30294579465,16178.391348029574,609668.132578407,57044.0001251099,17971.43178896164,1.6730990902931299e-09,1.7484439351885197e-08,-1843112.8965401486
66,278649.1598831961,19265.85144217757,590016.6031887501,56079.23845651273,14032.647694965966,1.6036705917655341e-09,1.9096901573916498e-08,-1842919.242647193
67,271477.2058351543,19412.519688939246,587500.0225448657,55321.614927280665,17675.936428225177,1.6388000200690663e-09,1.8221352337984444e-08,-1843042.3189949626
68,281359.92242355394,18016.283101088346,598497.7248326892,56706.96472626676,14349.9674871001,1.618960753980644e-09,1.8761682677326122e-08,-1842904.9088587156
69,282220.18465219927,17979.68526878913,600222.4566559808,57854.06191446438,12956.634113209471,1.5416006983608454e-09,1.914101727525168e-08,-1843084.8372475193
70,277229.88967407227,18571.463273796766,593645.9300018828,55785.8518528174,16107.844311056731,1.6524627093327407e-09,1.8425109346051393e-08,-1842911.1397300677
0,200000.0,30000.0,500000.0,45000.0,45000.0,2e-09,2e-08,-1845411.0524688885
1,210000.0,30000.0,500000.0,45000.0,45000.0,2e-09,2e-08,-1845121.0004553776
2,200000.0,31500.0,500000.0,45000.0,45000.0,2e-09,2e-08,-1845371.8092595057
3,200000.0,30000.0,525000.0,45000.0,45000.0,2e-09,2e-08,-1844968.0358959397
4,200000.0,30000.0,500000.0,47250.0,45000.0,2e-09,2e-08,-1845307.5471122838
5,200000.0,30000.0,500000.0,45000.0,47250.0,2e-09,2e-08,-1845452.1134272986
6,200000.0,30000.0,500000.0,45000.0,45000.0,2.1e-09,2e-08,-1845420.4042433705
7,200000.0,30000.0,500000.0,45000.0,45000.0,2e-09,2.1000000000000003e-08,-1844603.8632522281
8,202857.14285714284,30428.571428571428,507142.85714285716,45642.857142857145,42750.0,2.0285714285714286e-09,2.028571428571428e-08,-1844876.7990448861
9,203673.4693877551,30551.020408163262,509183.6734693878,45826.5306122449,44357.142857142855,1.908163265306122e-09,2.03673469387755e-08,-1844764.40110281
10,204723.03206997085,30708.45481049562,511807.58017492725,46062.682215743436,44173.4693877551,1.9819241982507283e-09,2.0472303206997078e-08,-1844607.266432227
11,206072.46980424825,28982.299042065802,515181.17451062065,46366.30570595585,43937.317784256564,1.976759683465222e-09,2.0607246980424814e-08,-1844443.750624008
12,209108.70470637234,27723.448563098704,522771.76176593103,47049.45855893378,43405.97667638486,1.9651395251978326e-09,2.091087047063722e-08,-1844061.0860146212
13,208674.95686321176,29831.85577437972,521687.3921580296,44059.00815136552,43481.88254893794,1.96679954780746e-09,2.086749568632117e-08,-1844176.4017758658
14,198296.3731098437,29783.814567059635,527883.7899174666,46040.153337469936,43048.13470577735,1.9573137043238766e-09,2.1115351596698637e-08,-1844101.143173931
15,207809.62256979902,29722.04730050524,503707.72989388555,46337.34000531849,42490.45890742804,1.9451176198449853e-09,2.1434023481469683e-08,-1844011.6327569294
16,211714.43385469855,29583.070950757858,493061.59484082833,47006.01000797772,41235.68836114206,1.917676429767478e-09,2.2151035222204528e-08,-1843685.9777415257
17,207483.1342833864,29051.904306844226,517541.65495044866,46083.95510963864,44307.79843918291,1.884861905900999e-09,2.168125803475262e-08,-1843747.0699059507
18,207755.28343724023,28501.136441161245,517888.8333327926,45973.83149664913,42686.557176908624,1.9986125379076993e-09,2.1975028551970574e-08,-1843599.938698672
19,209796.19046198286,27476.19445766024,522241.4132644951,46047.48193885124,41851.2643367915,2.043837174208488e-09,2.2778869358568114e-08,-1843237.4645545029
20,208155.19458131358,27420.199080875922,518246.021795701,45733.336956895655,42206.7434888782,1.9425410266653103e-09,2.2529091184197858e-08,-1843372.0185333274
21,215208.28224594548,27391.56791447894,535266.7510551143,47005.54401746641,40582.139587741374,1.9080483753918414e-09,2.2438277586680038e-08,-1843152.4791281458
22,222812.42336891824,26087.351871718405,552900.1265826714,48008.31602619961,38373.20938161206,1.862072563087762e-09,2.3157416380020062e-08,-1842899.7829363032
23,210572.6015272212,26489.85388219599,522497.28301841114,49074.90954462491,40640.636133853186,1.911326831950182e-09,2.322504495570141e-08,-1843058.519017598
24,224458.67911412584,25596.763465269323,514761.8832878154,47960.8375605648,40386.5272421783,1.907673569041282e-09,2.3579958576467605e-08,-1843010.3357657236
25,218032.05449124094,27049.505155564715,517585.37473131786,47211.926339566955,39165.98543322606,1.883428903551168e-09,2.4547036304194843e-08,-1842939.8378505118
26,222671.60211647104,25148.935368596474,522827.9729127629,48499.707283127325,36795.07424015463,1.9632970936051924e-09,2.4595442531348643e-08,-1842949.057717816
27,221570.92204852245,23350.8728440653,555812.7124715075,48004.423034830994,38598.43742648477,1.943517045120917e-09,2.482406743222363e-08,-1842968.7262179402
28,228963.2263125386,24351.080074858488,541361.6257097223,49925.977822466026,36596.43770949337,1.9189313106389726e-09,2.510171896966623e-08,-1843112.0130432716
29,232798.52638917096,23402.194874416527,542829.1520824216,50719.97452154322,35450.53782520919,1.7819477735045048e-09,2.5515612112752576e-08,-1843284.8976380152
30,215546.7744437799,26457.694561849312,527388.3479689767,47215.605084524235,40251.08270889592,1.978364824032492e-09,2.346305504711423e-08,-1842989.4182506893
31,209798.2185761127,27129.199110644236,519716.5745684102,46067.08642708794,41749.5487380509,1.9238346409007405e-09,2.2724572809496744e-08,-1843263.7815494752
32,224171.97437843215,25045.609833804927,535950.3629243942,48961.2549736215,37884.715466632755,1.9201571432044148e-09,2.450743242962386e-08,-1842949.089905184
33,232074.37846177607,24577.784146623577,542424.6543757163,46885.68197035666,36917.94440877094,1.9339620656621686e-09,2.496764324458227e-08,-1843073.750148851
34,215948.0457608599,26011.836448302885,527479.1258577374,48527.60265105785,39709.96320258263,1.9169856403781787e-09,2.3660694527921627e-08,-1842948.3085004303
35,215756.69134536688,25589.466844416973,553793.5519834326,48161.686837414774,36978.749289132786,1.9402759203816105e-09,2.4635797038517216e-08,-1842933.5900387852
36,224728.57227330917,24480.47068571345,548711.4313064015,49177.22838570979,36179.24141676855,1.8587021214901486e-09,2.5087769708271446e-08,-1843067.492039072
37,217842.22390116222,25963.388592815347,532719.1188033329,47706.01090982062,39233.12238586407,1.948449148396906e-09,2.3869233712403534e-08,-1842918.9158213446
38,217639.08234074933,28333.725474568906,513688.8971843922,48303.1498282572,38013.22525900237,1.8949590727662918e-09,2.3453947688927742e-08,-1843025.6293105858
39,220587.96212157916,24596.5860016912,545281.7586497287,48079.104733187545,38452.13438461417,1.931377552032261e-09,2.4481537496399657e-08,-1842916.8399654124
40,214014.0265088817,26510.69596136822,536217.3597958868,47094.27496362841,38889.06690970622,1.921524805776464e-09,2.3763184139177735e-08,-1842917.959552894
41,213040.80574010295,26796.444881654315,553165.2889169824,47154.27056283719,40576.9917560562,1.866449915996051e-09,2.3437385925404122e-08,-1842906.353339735
42,218933.72208978358,26157.717640048315,555853.0397032204,46733.99459827217,37909.82523747781,1.8983225908281706e-09,2.4308331470968998e-08,-1842906.6601672992
43,217107.33267327183,24865.252499781796,576680.4093930409,47913.11898367887,38094.900093763456,1.9361346668771818e-09,2.3353788313774108e-08,-1842880.2914661164
44,216644.97176428733,23773.12617189034,606227.9267239026,48263.71530573483,37559.35742403215,1.9624875485401887e-09,2.275716431856374e-08,-1842909.7251891666
45,219768.5933414044,26118.372426748057,547011.3342579571,46892.33909904935,40601.036467751226,1.87810443475976e-09,2.2898739372382277e-08,-1842966.4009284254
46,216759.66684437625,25721.693239999746,552097.9975520638,47844.34990282342,37884.32108378739,1.924733048976148e-09,2.4201532621983483e-08,-1842894.3793629906
47,217373.75876938447,25675.394863259506,573622.5899376938,47387.54045321572,37961.29157042659,1.8631551783385325e-09,2.3760245244090227e-08,-1842884.3633007314
48,222161.87966466584,24889.430038104154,580811.5575570851,48083.06653929001,38040.26837821884,1.8734024845481377e-09,2.386545513300532e-08,-1842920.7591697099
49,216050.98979782773,26105.379480552205,547365.9092361864,47341.47285754381,38676.867276834375,1.9094942254693827e-09,2.378875188763463e-08,-1842889.7450395718
50,214291.66624518228,27234.623848884305,572342.6302993738,46887.48480526125,38541.410301088064,1.8572973592743757e-09,2.2949163030421948e-08,-1842905.6711184983
51,214619.6046070918,25981.179698766056,566482.6608447833,48276.449285030656,39264.17232354166,1.8786308257488106e-09,2.2734035215696303e-08,-1842935.3882332456
52,217855.19271911064,26113.58315472775,558510.4449886112,47119.60826996179,38248.41200899377,1.8933996495583306e-09,2.3914757407150822e-08,-1842883.9108767028
53,221888.0600936318,25147.349106609603,570697.5990800579,47846.26980821551,35931.697305802576,1.918203424455867e-09,2.374137261318881e-08,-1842899.4784246625
54,222807.59783096664,24112.805927301135,551050.2487778619,48386.994138064096,37221.64647640342,1.94475771408654e-09,2.445594110324723e-08,-1842936.402884892
55,216420.64914162835,26454.16936848851,567019.5349189958,47262.36213846196,38211.4693449169,1.8791624479774167e-09,2.3325857548628267e-08,-1842882.5848763394
56,212460.6194994335,25364.882903544196,574526.8691620855,47053.03323491498,37343.635956823666,1.9448653345273404e-09,2.4295813801822893e-08,-1842920.039755039
57,220224.47240154707,25906.73462967485,558306.8122275249,47769.495328378456,38115.81602541496,1.882770755947657e-09,2.3442015735470768e-08,-1842882.5867259155
58,212909.67200555286,26521.852960957367,553189.1718496898,47193.14388723133,40409.18195252241,1.878610853585461e-09,2.3626327032163275e-08,-1842893.1620048808
59,216938.06672943028,26176.125890697964,572100.53746272,47009.00493102569,39177.94699417618,1.8589034589535553e-09,2.3001822569134255e-08,-1842892.2971024504
60,221939.03148936154,25277.187006809087,576412.6104831026,47607.599816273316,36301.3047087708,1.899394970163698e-09,2.3398598312374747e-08,-1842882.918963477
61,219339.48383975023,25366.074395957374,558733.265733039,47962.765882549706,36710.641871286934,1.9306713679985017e-09,2.413646727347248e-08,-1842906.2508110395
62,217538.42100701027,25973.613017012816,568758.7195302998,47247.44516890669,38561.12071345387,1.876845436214792e-09,2.328548374521881e-08,-1842879.7814965837
0,200000.0,30000.0,500000.0,45000.0,45000.0,2e-09,2e-08,-1977601.5736059113
1,210000.0,30000.0,500000.0,45000.0,45000.0,2e-09,2e-08,-1976816.4692014675
2,200000.0,31500.0,500000.0,45000.0,45000.0,2e-09,2e-08,-1977487.077847802
3,200000.0,30000.0,525000.0,45000.0,45000.0,2e-09,2e-08,-1976533.6042250358
4,200000.0,30000.0,500000.0,47250.0,45000.0,2e-09,2e-08,-1977325.9378741088
5,200000.0,30000.0,500000.0,45000.0,47250.0,2e-09,2e-08,-1977697.5559606093
6,200000.0,30000.0,500000.0,45000.0,45000.0,2.1e-09,2e-08,-1977610.3708540085
7,200000.0,30000.0,500000.0,45000.0,45000.0,2e-09,2.1000000000000003e-08,-1975498.9245937506
8,202857.14285714284,30428.571428571428,507142.85714285716,45642.857142857145,42750.0,2.0285714285714286e-09,2.028571428571428e-08,-1976236.1047967258
9,203673.4693877551,30551.020408163262,509183.6734693878,45826.5306122449,44357.142857142855,1.908163265306122e-09,2.03673469387755e-08,-1975950.6867575697
10,204723.03206997085,30708.45481049562,511807.58017492725,46062.682215743436,44173.4693877551,1.9819241982507283e-09,2.0472303206997078e-08,-1975508.989216268
11,206072.46980424825,28982.299042065802,515181.17451062065,46366.30570595585,43937.317784256564,1.976759683465222e-09,2.0607246980424814e-08,-1975076.412581445
12,209108.70470637234,27723.448563098704,522771.76176593103,47049.45855893378,43405.97667638486,1.9651395251978326e-09,2.091087047063722e-08,-1973965.2937185701
13,208674.95686321176,29831.85577437972,521687.3921580296,44059.00815136552,43481.88254893794,1.96679954780746e-09,2.086749568632117e-08,-1974308.870981965
0,200000.0,30000.0,500000.0,45000.0,45000.0,2e-09,2e-08,-1749307.3538823712
1,210000.0,30000.0,500000.0,45000.0,45000.0,2e-09,2e-08,-1749381.71806809
2,200000.0,31500.0,500000.0,45000.0,45000.0,2e-09,2e-08,-1749323.2139448577
3,200000.0,30000.0,525000.0,45000.0,45000.0,2e-09,2e-08,-1749316.4540794727
4,200000.0,30000.0,500000.0,47250.0,45000.0,2e-09,2e-08,-1749325.9523857108
5,200000.0,30000.0,500000.0,45000.0,47250.0,2e-09,2e-08,-1749308.768072038
6,200000.0,30000.0,500000.0,45000.0,45000.0,2.1e-09,2e-08,-1749316.4480709976
7,200000.0,30000.0,500000.0,45000.0,45000.0,2e-09,2.1000000000000003e-08,-1749442.5612949023
8,202857.14285714284,30428.571428571428,507142.85714285716,45642.857142857145,45642.857142857145,2.0285714285714278e-09,1.899999999999999e-08,-1749306.9451236567
9,204285.71428571432,30642.857142857145,510714.2857142857,45964.28571428571,45964.28571428571,2.042857142857141e-09,1.799999999999999e-08,-1749418.0366540935
10,190816.3265306122,30551.020408163262,509183.6734693878,45826.5306122449,45826.5306122449,2.0367346938775504e-09,1.9714285714285707e-08,-1749268.361974988
11,181224.48979591834,30826.530612244896,513775.51020408166,46239.79591836734,46239.79591836734,2.055102040816325e-09,1.9571428571428558e-08,-1749273.3101918693
12,198192.41982507287,30708.45481049562,511807.58017492725,43169.82507288629,46062.682215743436,2.047230320699708e-09,1.963265306122448e-08,-1749274.6000173402
13,197675.96834652225,28982.299042065802,515181.17451062065,44896.91795085381,46366.30570595585,2.0607246980424818e-09,1.952769679300291e-08,-1749263.464042758
14,196513.9525197834,27723.448563098704,522771.76176593103,44845.3769262807,47049.45855893378,2.091087047063722e-09,1.9291545189504367e-08,-1749249.5335279754
15,196679.95478074613,29831.85577437972,489544.5350151723,44852.73992979116,46951.86529422265,2.0867495686321167e-09,1.9325281132861296e-08,-1749344.164997865
16,199169.98869518653,29957.96394359493,516136.1337537931,44963.18498244779,45487.966323555665,2.0216873921580295e-09,1.9831320283215323e-08,-1749287.199397145
17,196442.80869365658,29819.845472549692,519154.8589448276,44842.22135334766,47091.28424380999,1.9643745378201246e-09,1.9277086928065673e-08,-1749255.162343321
18,195426.46832041553,29768.37275042104,524627.6757862067,44797.141740018415,44795.93688489855,2.0541958343401605e-09,1.907054033608444e-08,-1749257.914603107
19,194119.74498339143,29702.193536255618,531664.154582266,44739.18223716655,46987.633137726705,2.069680358437349e-09,1.8804980432108566e-08,-1749267.6584258203
0,200000.0,30000.0,500000.0,45000.0,45000.0,2e-09,-17505688.716218557,5.8715739250183105
1,210000.0,30000.0,500000.0,45000.0,45000.0,2e-09,-17506465.76718302,11.701272964477539
2,200000.0,31500.0,500000.0,45000.0,45000.0,2e-09,-17505845.838103503,17.549163818359375
3,200000.0,30000.0,525000.0,45000.0,45000.0,2e-09,-17505840.389473446,23.348744869232178
4,200000.0,30000.0,500000.0,47250.0,45000.0,2e-09,-17505747.42092139,29.211781978607178
5,200000.0,30000.0,500000.0,45000.0,47250.0,2e-09,-17505695.141533688,35.00357794761658
6,200000.0,30000.0,500000.0,45000.0,45000.0,2.1e-09,-17505794.70004745,40.82818293571472
7,190000.0,30500.0,508333.3333333334,45750.0,45750.0,2.0333333333333338e-09,-17505269.56369629,46.631754875183105
8,180000.0,30750.0,512500.0,46125.0,46125.0,2.050000000000001e-09,-17505113.438421246,52.833719968795776
9,193333.3333333333,28750.0,512500.0,46125.0,46125.0,2.0500000000000006e-09,-17505279.766769085,58.699727058410645
10,191111.11111111107,29833.333333333336,483333.3333333334,46500.0,46500.0,2.0666666666666674e-09,-17505615.972117294,64.47979593276978
11,188148.14814814815,29777.77777777778,502777.77777777787,47000.0,47000.0,1.9555555555555556e-09,-17505111.72037067,70.32738304138184
12,182222.22222222225,29666.66666666667,504166.66666666674,48000.0,48000.0,1.883333333333333e-09,-17504926.577971093,76.14162707328796
13,182222.2222222222,29666.666666666664,504166.6666666666,45000.0,48000.0,2.016666666666667e-09,-17505134.304821096,81.99993681907654
14,176296.29629629623,29555.555555555562,505555.5555555556,47250.0,46000.0,2.022222222222222e-09,-17505089.52435933,87.88154482841492
15,168395.061728395,29407.407407407416,507407.40740740753,48000.0,48583.33333333333,2.02962962962963e-09,-17505329.99166603,93.65939903259277
16,169711.93415637861,29432.098765432107,532098.7654320989,47000.0,47777.77777777777,1.950617283950617e-09,-17505194.248067275,99.51178693771362
17,192866.94101508922,29866.25514403292,516255.14403292176,45166.66666666667,45425.92592592593,1.961316872427984e-09,-17505269.24645591,105.34693384170532
18,167773.20530406956,30895.747599451308,512414.2661179699,46722.22222222223,47651.234567901236,1.911385459533608e-09,-17505237.662599906,111.13358402252197
19,159875.0190519737,30122.65660722452,507378.8294467309,48199.07407407407,49092.0781893004,1.983424782807499e-09,-17505822.352815412,116.97771406173706
20,184618.96052431036,29930.35550983082,514036.065386374,45924.768518518526,46342.463991769546,1.9668438500228626e-09,-17505025.53110308,122.81340885162354
21,190584.00650307367,28771.366788599298,511760.30711781746,46377.70061728395,46430.51268861453,2.0518423258649597e-09,-17505179.45925945,128.62832880020142
22,195602.635099663,30014.771630340896,485296.3216989279,45892.48971193416,45854.88111568359,2.0463521820860646e-09,-17505711.151361253,134.65059804916382
23,176184.60939219972,29577.766981659304,520398.1544988061,46723.122427983544,47297.053612254225,1.9745510084844787e-09,-17505005.99720329,140.51279187202454
24,169930.7637160099,30944.303671527035,508514.0624735388,46629.92969821676,47490.99317939341,1.9193633677115616e-09,-17505193.971121576,146.40076518058777
25,185420.69580630772,29314.601009331232,510948.7459567478,46440.757887517146,46695.632811309246,2.01872258632661e-09,-17505054.779350974,152.25205397605896
26,179358.7058582232,29931.648574347862,518368.39602138335,48487.88294467307,45486.71680511099,1.955224333463169e-09,-17504978.583500028,158.05374002456665
27,181367.16336651985,28575.531432463817,511991.19469517784,48150.51059289744,47148.95574014801,1.8902991112842235e-09,-17504839.682582155,163.84915900230408
28,182050.74504977977,27488.297148695725,511736.7920427667,49163.26588934616,47660.93361022201,1.8104486669263347e-09,-17504716.086911142,169.62248492240906
29,186989.01665471809,29080.889741288316,520996.0513020259,47663.26588934615,47827.600276888654,1.8474857039633744e-09,-17504935.12390233,175.44037008285522
30,178387.3907608434,29243.94053149834,518951.96268259315,48880.01066910535,47509.28995410587,1.7939063790712413e-09,-17504773.48056023,181.22396087646484
31,177111.93612168514,28399.38103822126,517503.27568503993,50381.08075496624,48251.40076109102,1.7881392917244482e-09,-17504739.821747776,187.04890990257263
32,185855.39616362425,28359.17425191342,510176.22696801904,50802.04628782878,47614.926856885286,1.718294894342821e-09,-17504750.777682878,192.8762400150299
33,184846.86313273443,27481.13455174672,509475.262427654,49808.67355219116,50134.66701461995,1.6586450896573484e-09,-17504599.717962913,198.67841982841492
34,187590.94176999002,26255.87754044615,505028.69563078927,50469.0688559502,52458.64211937442,1.5103554677544383e-09,-17504476.258877352,204.53134775161743
35,177417.1940413302,27390.222651192205,501525.15525659896,51568.558263052764,49337.46415700423,1.6540069737541647e-09,-17504637.60194179,210.32233786582947
36,180582.31241352874,26045.631053989033,517474.0360886024,52421.34357341648,49610.88581956095,1.5417172245244835e-09,-17504440.878559817,216.1321141719818
37,179762.35750918195,24235.11324765021,524127.7207995702,54632.01536012473,50416.32872934142,1.3709091701200586e-09,-17504340.43047276,221.92933297157288
38,184875.4661243537,24798.748094541315,504413.9927783349,53458.66780131761,51070.6087905336,1.4901451091361805e-09,-17504395.38327667,227.71294784545898
39,177080.81737514935,24496.705655002203,511268.9837630143,52422.17268709047,52116.86586563694,1.489706665462387e-09,-17504376.847002998,233.4683051109314
40,185813.9045015765,23155.60707428801,501863.83773865155,53523.50219732775,52768.880329613195,1.3203847259934065e-09,-17504211.461291473,239.54264783859253
41,190164.88869152218,20533.720092321382,494044.1187654573,55094.71291850851,55027.62011387429,1.0865074431278854e-09,-17504105.451271918,245.33334183692932
42,183579.81012072932,21748.498611688767,501732.76362182165,56718.4660726686,55814.90964836629,1.0567616095253707e-09,-17504021.800420415,251.10791110992432
43,184344.34265620413,18878.599343185284,496730.7494113492,60496.06616432982,59891.89766743843,1e-09,-17504121.528764494,256.89871287345886
44,190267.56648897863,19965.99842935781,512013.60319639684,56029.8096355006,56297.52759870475,1.0141215146212754e-09,-17503937.068671357,262.7854199409485
45,196692.75271280285,16253.886318440607,517257.82716629584,58260.43532172451,59777.559319555,1e-09,-17504060.37379708,268.6480209827423
46,180986.02699998172,19003.71716974108,510838.36534407584,58982.87930245331,54455.97812944469,1e-09,-17503961.13033248,274.70252299308777
47,182405.02293749404,18529.169640712502,513594.5257184439,57834.68419079781,56972.4679045892,1e-09,-17503902.403524697,280.5389931201935
0,200000.0,30000.0,500000.0,45000.0,45000.0,2e-09,-17515130.253549326,5.988237142562866
1,210000.0,30000.0,500000.0,45000.0,45000.0,2e-09,-17515780.40200449,11.780516147613525
2,200000.0,31500.0,500000.0,45000.0,45000.0,2e-09,-17515272.558594726,17.586856365203857
3,200000.0,30000.0,525000.0,45000.0,45000.0,2e-09,-17515324.2332866,23.387928247451782
4,200000.0,30000.0,500000.0,47250.0,45000.0,2e-09,-17515170.972007528,29.19564437866211
5,200000.0,30000.0,500000.0,45000.0,47250.0,2e-09,-17515144.008278996,35.00698804855347
6,200000.0,30000.0,500000.0,45000.0,45000.0,2.1e-09,-17515191.176246736,40.79794216156006
7,190000.0,30500.0,508333.3333333334,45750.0,45750.0,2.0333333333333338e-09,-17514832.798444133,46.59481406211853
8,180000.0,30750.0,512500.0,46125.0,46125.0,2.050000000000001e-09,-17514806.93614865,52.47858428955078
9,193333.3333333333,30750.0,479166.6666666666,46125.0,46125.0,2.0500000000000006e-09,-17515292.1711171,58.44453525543213
10,195000.0,30562.5,490625.0,45843.75,45843.75,2.037500000000001e-09,-17515089.647214882,64.27952718734741
11,191666.6666666667,28937.5,501041.6666666666,46406.25,46406.25,2.0625000000000007e-09,-17514803.466007713,70.07137322425842
12,187500.0,27656.25,501562.5,47109.375,47109.375,2.093750000000001e-09,-17514697.28272703,75.8824691772461
13,187500.0,29656.25,501562.5,47109.375,47109.375,1.960416666666667e-09,-17514725.009368476,81.71164321899414
14,183333.3333333333,29541.666666666664,502083.3333333334,44812.5,47812.5,2.0472222222222222e-09,-17514851.98379697,87.58888125419617
15,177777.77777777775,29388.888888888883,502777.77777777787,47000.0,45750.0,2.0629629629629635e-09,-17514844.11115006,93.37775897979736
16,170370.37037037034,29185.185185185175,503703.7037037038,47666.66666666667,48250.0,2.0839506172839515e-09,-17515167.189964738,99.15123200416565
17,192592.59259259258,29796.296296296292,500925.92592592596,45666.66666666667,45812.5,2.0209876543209878e-09,-17514859.08020537,104.94977116584778
18,174567.90123456786,28367.283950617275,516512.3456790125,46763.88888888889,47395.83333333333,2.0409465020576136e-09,-17514883.869200896,110.76835107803345
19,179675.9259259259,28916.087962962956,510040.5092592593,46533.85416666667,47007.8125,2.0400848765432102e-09,-17514754.596846864,116.61656713485718
20,172669.75308641972,28840.084876543202,509249.614197531,47230.03472222222,47825.52083333333,2.0638245884773673e-09,-17514994.398047797,122.4770131111145
21,187611.88271604938,29557.24344135802,503006.8479938272,46057.50868055556,46315.75520833333,2.031696887860083e-09,-17514760.459967498,128.27577710151672
22,183355.19547325105,29099.906764403277,508400.04501028825,48499.204282407416,45326.60590277777,2.0324149091220857e-09,-17514673.734303724,134.1645061969757
23,183366.1265432099,28879.026813271586,511558.4008487656,50342.556423611124,44083.65885416666,2.0250112525720174e-09,-17514686.84234989,139.93637919425964
24,190769.89026063104,29156.35716735253,509579.68964334717,46811.43904320989,47247.97453703702,2.0064914837677193e-09,-17514748.233159088,145.71878504753113
25,192137.63145861914,27264.031778692268,498884.0306355739,47915.25205761318,47247.299382716024,2.0049516079865875e-09,-17514688.7946274,151.57074618339539
26,186034.33165675966,27692.384449778983,507002.91018899565,48601.99116941016,47367.05889917693,2.014339626835341e-09,-17514611.348291922,157.35612225532532
27,185245.5561271148,26759.954953989465,509000.94128657994,49874.23241383745,47892.710744598735,2.0056609963229698e-09,-17514561.639304142,163.1112551689148
28,195826.83184727945,27614.82892518289,499622.7262660037,49239.105099022636,46969.96768904319,1.994477011412134e-09,-17514818.772174183,168.91479420661926
29,183713.65240626427,28590.77320351794,507436.0635109454,47210.16689975566,46998.3512972608,2.028682910260441e-09,-17514674.065946218,174.93279123306274
30,182380.78822778538,27186.031732848453,499369.00383778196,49094.429507994675,46646.59790541408,2.0354675463518657e-09,-17514655.059681818,180.8566873073578
31,183944.2745643449,25862.73281115047,506655.0280937231,49458.17838720279,46630.93841092246,2.1065593233479834e-09,-17514576.512083337,186.70165038108826
32,182759.03275245987,27264.893748200622,508352.53745829745,50241.11284960371,46471.45954789662,1.977495764463977e-09,-17514571.263974935,192.48967719078064
33,174995.20172512095,27657.399292677816,514187.1757636316,50210.522722654045,46074.921886907454,2.0571422086365205e-09,-17514765.494945932,198.2825882434845
34,187852.02402524458,27362.373657188655,502709.81691758835,48489.0697238734,46954.20500876388,2.0179992581490708e-09,-17514619.08771152,204.1050751209259
35,184798.63798380253,25921.191352409038,504059.727357141,51341.90882188414,46309.154542863704,2.0298496889922095e-09,-17514542.611750584,209.90066528320312
36,185341.13077257166,24586.40042685459,502371.5592802388,53407.77978294839,45964.556165665155,2.0304330783580937e-09,-17514513.79799564,215.91595125198364
37,185819.07334992272,23907.55567900747,501086.25061444833,51689.06327274605,48193.55002497588,2.0254570798759014e-09,-17514477.577440456,221.74015617370605
38,187051.01228825853,21311.38013630957,497429.3534165283,53283.99276791536,49627.022086074925,2.0219781652528096e-09,-17514414.407488495,227.5453109741211
39,188350.22194887936,23863.213511716,509470.74164653674,52490.35913379902,47867.03274922652,2.017907982279769e-09,-17514482.89733415,233.34445905685425
40,183045.05212596513,22520.484872218243,508383.57014304644,54429.48205456218,47863.70155936427,2.0353458451927976e-09,-17514469.638326548,239.23130917549133
41,186653.06077407155,22906.043071945693,505014.5396500194,55117.47461368592,48597.88920668629,1.923047953942156e-09,-17514447.052470867,245.03069019317627
42,189136.31192649383,20050.931909477236,502204.3643493522,55959.99407264573,49466.17795597535,2.0339622426522214e-09,-17514389.340490382,251.35690712928772
43,192324.95151351078,16443.95099011554,499130.2777948796,58819.43468416674,50963.537160014705,2.062195481746344e-09,-17514359.105611566,257.1973352432251
44,189009.58701397094,17117.202715730404,498265.73935716983,59308.60859852175,49068.53556441188,2.024641839267687e-09,-17514379.524328515,262.9798951148987
45,190136.8311156471,16801.02467249056,503526.5147224878,57742.00416793527,52031.349942927714,1.997939344202427e-09,-17514295.35257443,268.8258183002472
46,192534.68128718482,12908.33679530854,504103.9924436123,59909.116360428714,55064.746831558994,1.9816924771245935e-09,-17514219.25730928,274.63183522224426
47,188522.55971877457,13872.586015493333,494638.4159552152,61132.343892627876,52528.1113868105,1.998392605229027e-09,-17514346.658633776,280.5592792034149
48,195653.56540595862,12332.681702749454,491143.86939609516,61427.508251219944,54086.245852488166,1.9686369956614073e-09,-17514325.334799435,286.63150429725647
49,195045.72496848123,10000.0,489889.3431378142,62842.86023794087,55181.510420433435,2.0961312341517996e-09,-17514325.15279006,292.48993015289307
50,197312.6776810352,10000.0,494961.1926117337,67862.63124038659,56003.873652497656,2.021918712474143e-09,-17514702.764191378,298.284362077713
51,189616.4286364527,17545.253253104558,496812.31321532966,56928.652386033165,51221.23497768061,2.021963302058143e-09,-17514326.647090506,304.0676553249359
52,195556.38349615003,10583.733536526739,493640.33129047905,61044.696672284015,57279.92664525026,2.018362192722751e-09,-17514246.20687974,309.8738360404968
53,193318.1629908232,10000.0,490945.81068463554,62275.624582678094,57490.38821139261,1.9661974539028963e-09,-17514301.985411085,315.6610550880432
54,198719.08920957567,10584.082413736429,494206.8041007734,60343.80893756704,57579.90625945751,2.019268613311503e-09,-17514231.829101868,321.44102716445923
55,200659.44048293855,10000.0,491164.4038024737,65685.88596133972,61006.339762513046,1.994799686900174e-09,-17514624.778453693,327.29208302497864
56,192377.18159807415,14306.696163912377,495400.33586211567,59117.9607798598,53667.51117388872,2.0151723982686507e-09,-17514281.495113958,333.0931372642517
57,193530.17577747104,10461.601267078571,498251.6697770483,60417.1809390329,58001.75066150566,2.06363779416599e-09,-17514196.722338025,338.86779713630676
58,192468.48096322722,10000.0,501805.56996752485,59912.01728293937,59959.50306601441,2.111138193418282e-09,-17514172.19946421,344.67384219169617
59,193278.9348798638,12794.282969828026,503478.2716452329,58024.8813006448,58499.15030875406,1.9411458754310926e-09,-17514147.20856069,350.4646601676941
60,192395.53983555513,14191.424454742039,510272.7358989422,55615.89183199676,60157.97025291438,1.8636531960707387e-09,-17514096.61089349,356.26433515548706
61,194698.9558057658,14191.424454742039,508864.11250318016,56372.20603901379,57079.466531635495,2.03689823640261e-09,-17514147.93559199,362.1278522014618
62,196413.8619344121,10000.0,508897.5128727217,58614.61826155009,62039.66202172164,1.9951652380815086e-09,-17514046.442979492,367.9514422416687
63,198432.20210258104,10000.0,515646.1013780247,58362.94700239523,66225.73744563811,1.985161657987937e-09,-17514038.626820423,373.81684041023254
64,194193.26623847993,13374.68916964961,517992.77414020686,55793.96581249629,61409.18348382271,1.9809085987158032e-09,-17514081.128504228,379.6302101612091
65,189521.95286802232,14304.542544410982,525354.9580097236,54978.2391721897,62385.62961107053,1.9672155065951524e-09,-17514148.29568451,385.4093871116638
66,194702.11798402574,12445.69007920635,522541.42485558847,53769.30601991502,67341.08329880622,1.9999659859389144e-09,-17513995.18235868,391.27277636528015
67,195785.8363324462,12214.366721155253,531760.1410615765,50699.40084965818,73479.25153242983,2.009102740346075e-09,-17513958.226715777,397.1406090259552
68,195874.1034310562,16092.149114899974,534824.7043630265,50695.5329529773,66952.90988648929,1.8365084519544895e-09,-17514134.44955237,402.9996180534363
69,200938.01504727238,12383.475427318655,514431.8984385956,54201.742323989485,66049.21009990606,1.9368621205640654e-09,-17514018.461223297,408.7794291973114
70,197840.69852336444,11893.943841179804,532778.6725902773,52084.2875521573,74345.28770209794,1.8338340188104272e-09,-17513926.73713697,414.6921532154083
71,199411.56988216378,10745.203534398686,544735.9526338258,49940.32830872905,82978.19828732917,1.7323019100143354e-09,-17513919.670677472,420.51734924316406
72,197844.7063817766,10000.0,510121.8301540306,57509.22575677768,69813.60714752412,1.9994882892784947e-09,-17514039.42964419,426.3510181903839
73,203139.65882601816,10000.0,534623.4967031443,53219.97818601855,79827.09241263563,2.0176219095648306e-09,-17513923.23917614,432.33735513687134
74,204324.06328560616,10000.0,532447.0326495257,52183.90833002645,84715.18215799826,1.9126042772027757e-09,-17513871.897627417,438.1240301132202
75,209389.46180916927,10000.0,539674.1619041851,50378.87958879152,96368.18149508606,1.878452116446262e-09,-17513956.39276443,443.9244532585144
76,202832.4087769193,11781.015227624197,547759.7108008668,48693.54257682797,81277.95016445492,1.8650632492815117e-09,-17514045.01338147,449.6993453502655
77,199091.6319805623,10445.25380690605,519531.30031573965,55305.30496179026,72679.69290175682,1.965882029279249e-09,-17513942.148274854,455.50783920288086
78,202464.72301544197,11929.433163259546,543530.5058894445,46820.60731767543,87017.13835171383,1.8729633376691735e-09,-17513967.647703547,461.33069705963135
79,200467.81272680714,10000.0,554444.2446458231,48521.433660643146,94182.97511471513,1.899963280794748e-09,-17513992.799382843,467.1653792858124
80,200585.36330692345,10141.826592770554,544441.1580940161,49941.51082647973,87149.53386101287,1.909187990737077e-09,-17513891.23027403,473.05993723869324
81,198314.6515224647,10000.0,525649.1879298316,56942.869836558646,73259.17869934038,1.9759369480456075e-09,-17513983.406806022,479.15982127189636
82,201427.20514219766,11260.270802898985,539060.1763995413,49351.17294739623,83577.64843862047,1.898706740263282e-09,-17513900.375851117,485.9508192539215
83,206873.99447537767,10000.0,539852.8978703544,52614.667003821916,90163.1978206879,1.8029988786744419e-09,-17513970.71185565,492.64705419540405
84,198557.87586817908,11323.229588658814,533783.330263771,51178.21738819912,77650.23810449435,1.9575767749281664e-09,-17513903.753850754,498.56276512145996
85,203390.2801231338,10711.589699336295,556832.415265535,46633.06703382611,92619.60485227342,1.8434511716242398e-09,-17514091.4961048,504.5818922519684
86,200166.29401620518,10511.837780013611,528856.5790531884,53137.245479799225,77664.67088938598,1.9352743148654967e-09,-17513883.537809696,510.60294818878174
87,198351.13167440693,11327.45609958022,539817.9129948119,48690.816240858054,84751.39816697806,1.7642620931055473e-09,-17513898.689133003,516.4422781467438
88,201725.74121567566,10776.336753575375,528066.1105177924,51553.96209552389,82191.35891883416,2.06023548701978e-09,-17513889.315482147,522.3078043460846
89,203635.39034549263,10016.013087620766,537112.992972521,50441.32125182875,89033.02603978227,1.8691801928031536e-09,-17513837.483377166,528.0705711841583
90,206174.14758414938,10000.0,538777.8243268959,50072.87318364356,94724.42000742623,1.8249819017406467e-09,-17513862.233779803,533.8457431793213
91,201502.1228059057,10000.0,531187.0856944104,52631.74846077581,84924.07490604339,1.9182080449813277e-09,-17513852.121044893,539.6930990219116
92,205628.52665086265,10000.0,527552.4066656729,54605.7492406199,83807.88409070758,2.1039680094309896e-09,-17514005.368020635,545.5448184013367
93,200170.48041852086,10784.229234288468,536751.5364125271,50169.54949079851,84515.51964791043,1.849188572186908e-09,-17513859.67542479,551.6129033565521
94,203256.00072221193,10554.312359062184,520365.95433930564,53431.06754310448,80531.74365897197,1.9390423056160694e-09,-17513933.8600723,557.7336132526398
95,201253.02266074557,10244.948034343462,538422.3571553385,50813.90000563592,85495.08631050264,1.9166515694568254e-09,-17513858.82278399,564.0919003486633
96,201958.0499618164,10000.0,540193.0841280445,51571.92891076433,86591.16106504016,1.7401335034790494e-09,-17513859.139996596,570.0080571174622
97,204114.74914315727,10000.0,543181.4506176005,49466.87333681069,94093.34581970642,1.8000477385045167e-09,-17513858.251155324,575.8356564044952
98,199887.20849293994,10348.396785417564,543169.1363439551,49514.53215551155,90168.88910499684,1.7851989299344844e-09,-17513868.455445006,581.619567155838
99,200996.4221911065,10261.297589063173,540488.6104203478,50181.87619914028,88805.46236824719,1.8170502667515573e-09,-17513850.39358492,587.7309670448303
100,204316.10528422048,10000.0,540110.3239168937,51532.99989752009,91798.53252186356,1.8379018664719021e-09,-17513881.021007445,593.9741163253784
101,201206.88663494575,10435.636176396518,537591.2332886187,50510.4120924789,86336.2728663987,1.8463668957581566e-09,-17513849.692773636,600.0344703197479
102,202278.1479653014,10319.298295807974,535801.4925882344,49776.78153812578,89637.9283718534,1.9823680659394625e-09,-17513844.074926965,605.8750021457672
103,203324.88370122426,10099.13368195268,536698.5980385722,50189.104287417475,92114.95048017448,1.8277554987892323e-09,-17513826.891663082,611.6786251068115
104,204360.81422146357,10026.226505757288,535836.7184801891,49876.70642830824,95424.8825650104,1.7833074634554357e-09,-17513818.95485233,617.5613231658936
105,200545.17891158123,10352.823884881906,529491.2605305067,51672.741986741894,83960.53655273869,1.938779238058515e-09,-17513849.754566997,623.3355100154877
106,202838.82395072468,10470.431846509204,540920.3503990623,48188.19803809881,92808.62801530014,1.8274759959407666e-09,-17513853.66685557,629.1328041553497
107,201836.29809211043,10117.607961627302,533620.4018705734,51520.860855106555,86895.21318335758,1.895525032721187e-09,-17513838.918668184,634.962256193161
108,203624.48319919177,10161.237714967408,529329.4228231999,51084.39851838977,88290.49082479981,1.9547920294937466e-09,-17513848.141734935,640.7574594020844
109,205102.16124125395,10005.849362510511,540272.8268106054,49397.41824133745,94578.7347309954,1.838400655331866e-09,-17513847.447710223,646.5706541538239
110,205738.8783866588,10000.0,533066.7185598223,50188.750185219964,94950.48570553423,1.9281575841567944e-09,-17513846.47900411,652.3898870944977
111,204026.08021823518,10000.427356140537,542574.2942707817,49316.21431491916,95216.26604071129,1.8108543019755533e-09,-17513849.20232771,658.4530851840973
112,203724.88245395262,10121.03512526069,532640.6406850953,50642.35246752211,90021.93462877767,1.918807597614198e-09,-17513836.57380461,664.3356354236603
113,202089.3092470725,10194.210962847497,529086.8282415397,51418.17266736635,87409.08876710979,1.9540479902315442e-09,-17513845.895086423,670.390144109726
114,200236.0690551389,10264.797312973838,534966.3063862287,51036.648217532624,84523.53881309615,1.8729211967648653e-09,-17513839.543680087,676.1809830665588
115,203267.89146408066,10094.11513350179,540906.0227527409,49680.050918775,91103.08576684937,1.819988526201223e-09,-17513846.01625946,682.0145332813263
116,202383.95480132452,10169.18700551107,532041.62686934,50983.64223021851,88332.58801704468,1.920533124223964e-09,-17513834.99637073,687.8079013824463
117,203114.3216911928,10000.0,532938.0698330814,51723.728945379815,88439.13271050283,1.7710568032548048e-09,-17513830.65559307,693.6175622940063
118,206115.81814670656,10000.0,533097.1771840381,50692.88917525536,94858.7202350623,1.8465488745927153e-09,-17513852.748850066,699.4056932926178
119,201706.00632803084,10169.904463635012,534499.024085681,50950.70845696331,87107.3341685877,1.8663281162218277e-09,-17513831.2904847,705.2787251472473
120,204472.15852170862,10049.847434300977,534735.9557713959,50018.62573830037,92557.7528598776,1.8142127331366073e-09,-17513823.31947151,711.8658301830292
121,202951.98899373173,10162.72042386758,530451.0189357399,50957.2668370687,91594.84894348469,1.822235086499126e-09,-17513828.343532458,718.4613523483276
122,202604.86573186476,10071.593485763287,534193.4973067137,50861.20707789085,91130.24512605832,1.7404168446497237e-09,-17513815.688253928,724.3794870376587
123,202044.85737082083,10046.872666014588,534969.9256175228,50970.63438307523,91684.40037469863,1.6512214681674866e-09,-17513810.649569165,730.2285950183868
124,203832.76090765832,10000.0,535768.6107051966,50515.581366146725,93936.86252367593,1.6489207660211323e-09,-17513813.42193027,736.5777852535248
125,205219.6275741611,10000.0,533734.4090286943,50403.47277579638,97438.62582382897,1.6306566572897033e-09,-17513820.085032374,742.6240031719208
126,204513.08083865524,10095.222343313475,535560.8096798314,49190.36689751873,99106.65831968922,1.6791279216016922e-09,-17513809.70411259,748.4434633255005
127,205212.46041238646,10142.83351497021,536872.1796032065,47923.6858735882,100000.0,1.633163480775136e-09,-17513813.755751844,754.6401343345642
128,205195.77748442418,10000.0,539751.1241585369,49367.86235931319,98454.87854544225,1.5802472500582266e-09,-17513825.125509713,760.6727271080017
129,204634.83036175105,10000.0,537426.0978528375,49765.21347875207,96739.87114495285,1.6407442091684515e-09,-17513815.131133884,766.516722202301
130,203729.83190312807,10006.259737394139,536362.9013500279,50222.03270489875,98886.01405740777,1.5304467620980269e-09,-17513807.44791736,772.4850392341614
131,203358.66859383776,10000.0,537176.3741393439,50323.736188197945,100000.0,1.3885637765787366e-09,-17513812.41156358,778.440434217453
132,202485.7642936646,10058.193750826496,538240.6121998408,49776.70564377022,94487.60383798264,1.6805995395477049e-09,-17513811.634924866,784.8983130455017
133,202719.56100376253,10042.622993425612,536939.6006548966,50270.13839641234,96188.92085445861,1.4937127587460621e-09,-17513806.867253695,790.9211132526398
134,201898.93439491198,10050.821237259774,537491.0417422503,50466.854380464385,96570.93999918271,1.3489154063913753e-09,-17513815.931505643,797.3592932224274
135,201807.1217441455,10083.057163658104,535188.0555496011,50549.93965185526,94690.28217768473,1.5872655295589167e-09,-17513805.686966393,803.1399233341217
136,200393.2674353427,10124.585745487158,534069.034397983,50942.302738406855,93665.48769405068,1.5605261897541495e-09,-17513811.578660406,808.9982061386108
137,201933.97814373398,10110.742884877473,536652.0243120436,49811.02452636347,97744.43068363128,1.5585372272188307e-09,-17513804.481918294,814.9867062568665
138,200984.58676177182,10166.114327316209,537093.7311154669,49458.74610647184,99648.21476360894,1.51334545781768e-09,-17513810.214252345,821.1288850307465
139,203097.04604108416,10070.06551206797,533650.4935214669,50561.33987627105,98279.29831787411,1.4861710162492997e-09,-17513807.78382253,827.2079701423645
