n_eval,t_A,t_B,t_C,t_2,t_upper,t_out,N_AB,N_ABC,r,loglik,time
0,0.006,0.006,0.008,0.002,0.0018027754226637813,0.016,0.002,0.002,0.5,-52609846.540751755,347.70195388793945
1,0.00600001,0.006,0.008,0.002,0.0018027754226637813,0.016,0.002,0.002,0.5,-52609846.57339201,659.7042429447174
2,0.006,0.00600001,0.008,0.002,0.0018027754226637813,0.016,0.002,0.002,0.5,-52609846.56291098,1021.8263788223267
3,0.006,0.006,0.00800001,0.002,0.0018027754226637813,0.016,0.002,0.002,0.5,-52609846.54622388,1358.8518273830414
4,0.006,0.006,0.008,0.00200001,0.0018027754226637813,0.016,0.002,0.002,0.5,-52609846.52235327,1706.7914896011353
5,0.006,0.006,0.008,0.002,0.0018027854226637813,0.016,0.002,0.002,0.5,-52609846.36868746,2030.1792380809784
6,0.006,0.006,0.008,0.002,0.0018027754226637813,0.016000010000000002,0.002,0.002,0.5,-52609846.38499823,2378.8654386997223
7,0.006,0.006,0.008,0.002,0.0018027754226637813,0.016,0.00200001,0.002,0.5,-52609846.544730715,2690.0803310871124
8,0.006,0.006,0.008,0.002,0.0018027754226637813,0.016,0.002,0.00200001,0.5,-52609846.36549579,3062.505299091339
9,0.006,0.006,0.008,0.002,0.0018027754226637813,0.016,0.002,0.002,0.50000001,-52609846.5407754,3390.706744670868
10,0.0006000000000000001,0.0006000000000000001,0.0008,0.02,0.018027754226637813,0.16,0.0002,0.02,0.05,-55977293.84029821,3711.696133375168
11,0.0006000100000000001,0.0006000000000000001,0.0008,0.02,0.018027754226637813,0.16,0.0002,0.02,0.05,-55977293.90391155,4071.802065849304
12,0.0006000000000000001,0.0006000100000000001,0.0008,0.02,0.018027754226637813,0.16,0.0002,0.02,0.05,-55977293.89582557,4410.187822341919
13,0.0006000000000000001,0.0006000000000000001,0.0008000100000000001,0.02,0.018027754226637813,0.16,0.0002,0.02,0.05,-55977293.80231994,4800.871474504471
14,0.0006000000000000001,0.0006000000000000001,0.0008,0.01999999,0.018027754226637813,0.16,0.0002,0.02,0.05,-55977293.64049422,5142.043125867844
15,0.0006000000000000001,0.0006000000000000001,0.0008,0.02,0.01802774422663781,0.16,0.0002,0.02,0.05,-55977293.60990075,5517.303683280945
16,0.0006000000000000001,0.0006000000000000001,0.0008,0.02,0.018027754226637813,0.15999999,0.0002,0.02,0.05,-55977293.60958757,5838.463748216629
17,0.0006000000000000001,0.0006000000000000001,0.0008,0.02,0.018027754226637813,0.16,0.00020001,0.02,0.05,-55977293.4755366,6193.013937950134
18,0.0006000000000000001,0.0006000000000000001,0.0008,0.02,0.018027754226637813,0.16,0.0002,0.01999999,0.05,-55977293.595759004,6540.030494451523
19,0.0006000000000000001,0.0006000000000000001,0.0008,0.02,0.018027754226637813,0.16,0.0002,0.02,0.050000010000000004,-55977293.84074421,6877.465056419373
20,0.0052401416069834976,0.0052401416069834976,0.006986855475977997,0.004532861310055009,0.004085865482055359,0.03626289048044007,0.0017467138689944992,0.004532861310055009,0.4366784672486248,-52630752.26048199,7210.619371652603
21,0.0052401516069834975,0.0052401416069834976,0.006986855475977997,0.004532861310055009,0.004085865482055359,0.03626289048044007,0.0017467138689944992,0.004532861310055009,0.4366784672486248,-52630752.31594654,7579.142531871796
22,0.0052401416069834976,0.0052401516069834975,0.006986855475977997,0.004532861310055009,0.004085865482055359,0.03626289048044007,0.0017467138689944992,0.004532861310055009,0.4366784672486248,-52630752.30703531,7911.997822761536
23,0.0052401416069834976,0.0052401416069834976,0.006986865475977997,0.004532861310055009,0.004085865482055359,0.03626289048044007,0.0017467138689944992,0.004532861310055009,0.4366784672486248,-52630752.282504864,8236.854526519775
24,0.0052401416069834976,0.0052401416069834976,0.006986855475977997,0.0045328713100550085,0.004085865482055359,0.03626289048044007,0.0017467138689944992,0.004532861310055009,0.4366784672486248,-52630752.430439614,8575.374115467072
25,0.0052401416069834976,0.0052401416069834976,0.006986855475977997,0.004532861310055009,0.004085875482055359,0.03626289048044007,0.0017467138689944992,0.004532861310055009,0.4366784672486248,-52630752.347908996,8946.19272351265
26,0.0052401416069834976,0.0052401416069834976,0.006986855475977997,0.004532861310055009,0.004085865482055359,0.03626290048044007,0.0017467138689944992,0.004532861310055009,0.4366784672486248,-52630752.35430551,9255.453969717026
27,0.0052401416069834976,0.0052401416069834976,0.006986855475977997,0.004532861310055009,0.004085865482055359,0.03626289048044007,0.0017467238689944991,0.004532861310055009,0.4366784672486248,-52630752.143848196,9607.206277370453
28,0.0052401416069834976,0.0052401416069834976,0.006986855475977997,0.004532861310055009,0.004085865482055359,0.03626289048044007,0.0017467138689944992,0.0045328713100550085,0.4366784672486248,-52630752.36156991,9931.90570473671
29,0.0052401416069834976,0.0052401416069834976,0.006986855475977997,0.004532861310055009,0.004085865482055359,0.03626289048044007,0.0017467138689944992,0.004532861310055009,0.4366784772486248,-52630752.26064112,10246.867225646973
30,0.005688824008874686,0.005688824008874686,0.007585098678499582,0.0030372533037510458,0.002737742804203379,0.024298026430008366,0.0018962746696248956,0.0030372533037510458,0.4740686674062239,-52538839.43476699,10592.914646148682
31,0.005688834008874686,0.005688824008874686,0.007585098678499582,0.0030372533037510458,0.002737742804203379,0.024298026430008366,0.0018962746696248956,0.0030372533037510458,0.4740686674062239,-52538839.47955937,10924.471123933792
32,0.005688824008874686,0.005688834008874686,0.007585098678499582,0.0030372533037510458,0.002737742804203379,0.024298026430008366,0.0018962746696248956,0.0030372533037510458,0.4740686674062239,-52538839.46989528,11287.822701454163
33,0.005688824008874686,0.005688824008874686,0.007585108678499582,0.0030372533037510458,0.002737742804203379,0.024298026430008366,0.0018962746696248956,0.0030372533037510458,0.4740686674062239,-52538839.448592074,11622.918035507202
34,0.005688824008874686,0.005688824008874686,0.007585098678499582,0.0030372633037510457,0.002737742804203379,0.024298026430008366,0.0018962746696248956,0.0030372533037510458,0.4740686674062239,-52538839.52765908,11946.419267416
35,0.005688824008874686,0.005688824008874686,0.007585098678499582,0.0030372533037510458,0.002737752804203379,0.024298026430008366,0.0018962746696248956,0.0030372533037510458,0.4740686674062239,-52538839.42069122,12268.786692857742
36,0.005688824008874686,0.005688824008874686,0.007585098678499582,0.0030372533037510458,0.002737742804203379,0.024298036430008368,0.0018962746696248956,0.0030372533037510458,0.4740686674062239,-52538839.43186354,12635.88243818283
37,0.005688824008874686,0.005688824008874686,0.007585098678499582,0.0030372533037510458,0.002737742804203379,0.024298026430008366,0.0018962846696248955,0.0030372533037510458,0.4740686674062239,-52538839.38617215,12989.509795188904
38,0.005688824008874686,0.005688824008874686,0.007585098678499582,0.0030372533037510458,0.002737742804203379,0.024298026430008366,0.0018962746696248956,0.0030372633037510457,0.4740686674062239,-52538839.42514939,13403.751389741898
39,0.005688824008874686,0.005688824008874686,0.007585098678499582,0.0030372533037510458,0.002737742804203379,0.024298026430008366,0.0018962746696248956,0.0030372533037510458,0.4740686774062239,-52538839.43481954,13772.714393854141
40,0.004834219190972639,0.005014027033835,0.007296743231980923,0.0014215006013281,0.0031131198032851516,0.02505802983262672,0.0027782776547645776,0.0033398791166078363,0.47197744536504904,-52525520.57273149,14129.189157247543
41,0.0048342291909726385,0.005014027033835,0.007296743231980923,0.0014215006013281,0.0031131198032851516,0.02505802983262672,0.0027782776547645776,0.0033398791166078363,0.47197744536504904,-52525520.58008107,14453.775910139084
42,0.004834219190972639,0.005014037033835,0.007296743231980923,0.0014215006013281,0.0031131198032851516,0.02505802983262672,0.0027782776547645776,0.0033398791166078363,0.47197744536504904,-52525520.576354116,14775.025394439697
43,0.004834219190972639,0.005014027033835,0.007296753231980923,0.0014215006013281,0.0031131198032851516,0.02505802983262672,0.0027782776547645776,0.0033398791166078363,0.47197744536504904,-52525520.585802086,15128.179479122162
44,0.004834219190972639,0.005014027033835,0.007296743231980923,0.0014215106013281,0.0031131198032851516,0.02505802983262672,0.0027782776547645776,0.0033398791166078363,0.47197744536504904,-52525520.55160796,15471.093136787415
45,0.004834219190972639,0.005014027033835,0.007296743231980923,0.0014215006013281,0.0031131298032851516,0.02505802983262672,0.0027782776547645776,0.0033398791166078363,0.47197744536504904,-52525520.558009006,15796.807266950607
46,0.004834219190972639,0.005014027033835,0.007296743231980923,0.0014215006013281,0.0031131198032851516,0.025058039832626722,0.0027782776547645776,0.0033398791166078363,0.47197744536504904,-52525520.577122405,16121.798988580704
47,0.004834219190972639,0.005014027033835,0.007296743231980923,0.0014215006013281,0.0031131198032851516,0.02505802983262672,0.0027782876547645776,0.0033398791166078363,0.47197744536504904,-52525520.574890666,16489.217983722687
48,0.004834219190972639,0.005014027033835,0.007296743231980923,0.0014215006013281,0.0031131198032851516,0.02505802983262672,0.0027782776547645776,0.003339889116607836,0.47197744536504904,-52525520.530022845,16817.617931842804
49,0.004834219190972639,0.005014027033835,0.007296743231980923,0.0014215006013281,0.0031131198032851516,0.02505802983262672,0.0027782776547645776,0.0033398791166078363,0.47197745536504904,-52525520.572709925,17128.809013605118
50,0.004644597912360715,0.004896062475119697,0.0070934605602130975,0.0014565090925105042,0.0032574420393108065,0.02469695799335117,0.0028701158867275164,0.003863506706006732,0.47273702121745953,-52522900.717682034,17463.985644340515
51,0.004644607912360715,0.004896062475119697,0.0070934605602130975,0.0014565090925105042,0.0032574420393108065,0.02469695799335117,0.0028701158867275164,0.003863506706006732,0.47273702121745953,-52522900.72405518,17763.002114534378
52,0.004644597912360715,0.004896072475119697,0.0070934605602130975,0.0014565090925105042,0.0032574420393108065,0.02469695799335117,0.0028701158867275164,0.003863506706006732,0.47273702121745953,-52522900.72337626,18105.42905640602
53,0.004644597912360715,0.004896062475119697,0.007093470560213097,0.0014565090925105042,0.0032574420393108065,0.02469695799335117,0.0028701158867275164,0.003863506706006732,0.47273702121745953,-52522900.73123355,18472.731656312943
54,0.004644597912360715,0.004896062475119697,0.0070934605602130975,0.0014565190925105041,0.0032574420393108065,0.02469695799335117,0.0028701158867275164,0.003863506706006732,0.47273702121745953,-52522900.70690926,18794.96094274521
55,0.004644597912360715,0.004896062475119697,0.0070934605602130975,0.0014565090925105042,0.0032574520393108064,0.02469695799335117,0.0028701158867275164,0.003863506706006732,0.47273702121745953,-52522900.70745016,19094.18468928337
56,0.004644597912360715,0.004896062475119697,0.0070934605602130975,0.0014565090925105042,0.0032574420393108065,0.024696967993351172,0.0028701158867275164,0.003863506706006732,0.47273702121745953,-52522900.72236594,19409.21325969696
57,0.004644597912360715,0.004896062475119697,0.0070934605602130975,0.0014565090925105042,0.0032574420393108065,0.02469695799335117,0.0028701258867275163,0.003863506706006732,0.47273702121745953,-52522900.71805037,19729.58977675438
58,0.004644597912360715,0.004896062475119697,0.0070934605602130975,0.0014565090925105042,0.0032574420393108065,0.02469695799335117,0.0028701158867275164,0.003863516706006732,0.47273702121745953,-52522900.69193287,20071.11612176895
59,0.004644597912360715,0.004896062475119697,0.0070934605602130975,0.0014565090925105042,0.0032574420393108065,0.02469695799335117,0.0028701158867275164,0.003863506706006732,0.4727370312174595,-52522900.71765491,20386.295172691345
60,0.0040621029472000655,0.004369356041936354,0.006218243173357143,0.0013913743344840961,0.0037627531226638814,0.02351359027237687,0.003141958762497812,0.005151663474462204,0.4754071980402824,-52519140.23266265,20703.528245687485
61,0.0040621129472000654,0.004369356041936354,0.006218243173357143,0.0013913743344840961,0.0037627531226638814,0.02351359027237687,0.003141958762497812,0.005151663474462204,0.4754071980402824,-52519140.2306925,21024.987659454346
62,0.0040621029472000655,0.004369366041936354,0.006218243173357143,0.0013913743344840961,0.0037627531226638814,0.02351359027237687,0.003141958762497812,0.005151663474462204,0.4754071980402824,-52519140.23298097,21365.795407772064
63,0.0040621029472000655,0.004369356041936354,0.006218253173357143,0.0013913743344840961,0.0037627531226638814,0.02351359027237687,0.003141958762497812,0.005151663474462204,0.4754071980402824,-52519140.2358496,21688.25027656555
64,0.0040621029472000655,0.004369356041936354,0.006218243173357143,0.001391384334484096,0.0037627531226638814,0.02351359027237687,0.003141958762497812,0.005151663474462204,0.4754071980402824,-52519140.22548444,22005.23068356514
65,0.0040621029472000655,0.004369356041936354,0.006218243173357143,0.0013913743344840961,0.0037627631226638814,0.02351359027237687,0.003141958762497812,0.005151663474462204,0.4754071980402824,-52519140.22728387,22344.786002635956
66,0.0040621029472000655,0.004369356041936354,0.006218243173357143,0.0013913743344840961,0.0037627531226638814,0.02351360027237687,0.003141958762497812,0.005151663474462204,0.4754071980402824,-52519140.23555038,22627.14913725853
67,0.0040621029472000655,0.004369356041936354,0.006218243173357143,0.0013913743344840961,0.0037627531226638814,0.02351359027237687,0.003141968762497812,0.005151663474462204,0.4754071980402824,-52519140.23130901,22949.810467243195
68,0.0040621029472000655,0.004369356041936354,0.006218243173357143,0.0013913743344840961,0.0037627531226638814,0.02351359027237687,0.003141958762497812,0.005151673474462204,0.4754071980402824,-52519140.226700455,23275.77782845497
69,0.0040621029472000655,0.004369356041936354,0.006218243173357143,0.0013913743344840961,0.0037627531226638814,0.02351359027237687,0.003141958762497812,0.005151663474462204,0.4754072080402824,-52519140.23262671,23594.998765707016
70,0.004099144870204623,0.004200792529350008,0.005915090584228083,0.0014996447341807243,0.004296941844100037,0.02267371576033718,0.0034970160610626817,0.005557074515224301,0.47752433274157524,-52518599.10820334,23904.13343477249
71,0.004099154870204623,0.004200792529350008,0.005915090584228083,0.0014996447341807243,0.004296941844100037,0.02267371576033718,0.0034970160610626817,0.005557074515224301,0.47752433274157524,-52518599.11589964,24237.169911384583
72,0.004099144870204623,0.004200802529350008,0.005915090584228083,0.0014996447341807243,0.004296941844100037,0.02267371576033718,0.0034970160610626817,0.005557074515224301,0.47752433274157524,-52518599.1092229,24544.737570524216
73,0.004099144870204623,0.004200792529350008,0.005915100584228083,0.0014996447341807243,0.004296941844100037,0.02267371576033718,0.0034970160610626817,0.005557074515224301,0.47752433274157524,-52518599.10681726,24862.9242978096
74,0.004099144870204623,0.004200792529350008,0.005915090584228083,0.0014996547341807242,0.004296941844100037,0.02267371576033718,0.0034970160610626817,0.005557074515224301,0.47752433274157524,-52518599.109868556,25181.238928556442
75,0.004099144870204623,0.004200792529350008,0.005915090584228083,0.0014996447341807243,0.004296951844100037,0.02267371576033718,0.0034970160610626817,0.005557074515224301,0.47752433274157524,-52518599.1050182,25507.458162546158
76,0.004099144870204623,0.004200792529350008,0.005915090584228083,0.0014996447341807243,0.004296941844100037,0.02267372576033718,0.0034970160610626817,0.005557074515224301,0.47752433274157524,-52518599.10986325,25828.92643737793
77,0.004099144870204623,0.004200792529350008,0.005915090584228083,0.0014996447341807243,0.004296941844100037,0.02267371576033718,0.0034970260610626817,0.005557074515224301,0.47752433274157524,-52518599.10885764,26151.482284784317
78,0.004099144870204623,0.004200792529350008,0.005915090584228083,0.0014996447341807243,0.004296941844100037,0.02267371576033718,0.0034970160610626817,0.005557084515224301,0.47752433274157524,-52518599.1114375,26492.37573647499
79,0.004099144870204623,0.004200792529350008,0.005915090584228083,0.0014996447341807243,0.004296941844100037,0.02267371576033718,0.0034970160610626817,0.005557074515224301,0.47752434274157524,-52518599.10817511,26808.933521270752
80,0.0038491230625514695,0.004111747785630834,0.005844821224124498,0.0015353446162739274,0.0046544323965686555,0.022161672958525946,0.0035895396440773844,0.005680110045119085,0.4788486341610938,-52518369.865192994,27146.016675949097
81,0.0038491330625514695,0.004111747785630834,0.005844821224124498,0.0015353446162739274,0.0046544323965686555,0.022161672958525946,0.0035895396440773844,0.005680110045119085,0.4788486341610938,-52518369.86604644,27504.879853487015
82,0.0038491230625514695,0.0041117577856308336,0.005844821224124498,0.0015353446162739274,0.0046544323965686555,0.022161672958525946,0.0035895396440773844,0.005680110045119085,0.4788486341610938,-52518369.86648036,27863.569551467896
83,0.0038491230625514695,0.004111747785630834,0.005844831224124498,0.0015353446162739274,0.0046544323965686555,0.022161672958525946,0.0035895396440773844,0.005680110045119085,0.4788486341610938,-52518369.86344937,28172.580542564392
84,0.0038491230625514695,0.004111747785630834,0.005844821224124498,0.0015353546162739273,0.0046544323965686555,0.022161672958525946,0.0035895396440773844,0.005680110045119085,0.4788486341610938,-52518369.865581594,28491.30694079399
85,0.0038491230625514695,0.004111747785630834,0.005844821224124498,0.0015353446162739274,0.0046544423965686555,0.022161672958525946,0.0035895396440773844,0.005680110045119085,0.4788486341610938,-52518369.86161563,28851.35316181183
86,0.0038491230625514695,0.004111747785630834,0.005844821224124498,0.0015353446162739274,0.0046544323965686555,0.022161682958525948,0.0035895396440773844,0.005680110045119085,0.4788486341610938,-52518369.86544955,29167.103769302368
87,0.0038491230625514695,0.004111747785630834,0.005844821224124498,0.0015353446162739274,0.0046544323965686555,0.022161672958525946,0.0035895496440773843,0.005680110045119085,0.4788486341610938,-52518369.86476708,29463.489936828613
88,0.0038491230625514695,0.004111747785630834,0.005844821224124498,0.0015353446162739274,0.0046544323965686555,0.022161672958525946,0.0035895396440773844,0.005680120045119085,0.4788486341610938,-52518369.86941604,29768.841152668
89,0.0038491230625514695,0.004111747785630834,0.005844821224124498,0.0015353446162739274,0.0046544323965686555,0.022161672958525946,0.0035895396440773844,0.005680110045119085,0.4788486441610938,-52518369.86516512,30104.89161300659
90,0.003709979773828206,0.003974217049183884,0.005869471389335757,0.0016307174015234938,0.0052172578233090055,0.021585466607847867,0.0037285454486151387,0.005614979315251847,0.48038168369116807,-52518133.831087075,30446.79554414749
91,0.003709989773828206,0.003974217049183884,0.005869471389335757,0.0016307174015234938,0.0052172578233090055,0.021585466607847867,0.0037285454486151387,0.005614979315251847,0.48038168369116807,-52518133.829572015,30815.10347032547
92,0.003709979773828206,0.003974227049183884,0.005869471389335757,0.0016307174015234938,0.0052172578233090055,0.021585466607847867,0.0037285454486151387,0.005614979315251847,0.48038168369116807,-52518133.83025206,31130.049347877502
93,0.003709979773828206,0.003974217049183884,0.0058694813893357565,0.0016307174015234938,0.0052172578233090055,0.021585466607847867,0.0037285454486151387,0.005614979315251847,0.48038168369116807,-52518133.83020527,31413.476281642914
94,0.003709979773828206,0.003974217049183884,0.005869471389335757,0.0016307274015234937,0.0052172578233090055,0.021585466607847867,0.0037285454486151387,0.005614979315251847,0.48038168369116807,-52518133.83150509,31729.664474725723
95,0.003709979773828206,0.003974217049183884,0.005869471389335757,0.0016307174015234938,0.005217267823309005,0.021585466607847867,0.0037285454486151387,0.005614979315251847,0.48038168369116807,-52518133.82737968,32080.160139083862
96,0.003709979773828206,0.003974217049183884,0.005869471389335757,0.0016307174015234938,0.0052172578233090055,0.02158547660784787,0.0037285454486151387,0.005614979315251847,0.48038168369116807,-52518133.8303942,32379.655650615692
97,0.003709979773828206,0.003974217049183884,0.005869471389335757,0.0016307174015234938,0.0052172578233090055,0.021585466607847867,0.0037285554486151387,0.005614979315251847,0.48038168369116807,-52518133.82958868,32721.349935770035
98,0.003709979773828206,0.003974217049183884,0.005869471389335757,0.0016307174015234938,0.0052172578233090055,0.021585466607847867,0.0037285454486151387,0.005614989315251847,0.48038168369116807,-52518133.83571996,33021.07326412201
99,0.003709979773828206,0.003974217049183884,0.005869471389335757,0.0016307174015234938,0.0052172578233090055,0.021585466607847867,0.0037285454486151387,0.005614979315251847,0.48038169369116807,-52518133.83106114,33340.69916820526
100,0.0033041421627547866,0.0038596560362733766,0.005913687222031436,0.0020185489779882453,0.0075864079372343655,0.01957426965741026,0.004401348741065701,0.0050028767353713505,0.4858002875979868,-52517455.36878273,33660.502858161926
101,0.0033041521627547865,0.0038596560362733766,0.005913687222031436,0.0020185489779882453,0.0075864079372343655,0.01957426965741026,0.004401348741065701,0.0050028767353713505,0.4858002875979868,-52517455.359123684,34016.34245109558
102,0.0033041421627547866,0.0038596660362733765,0.005913687222031436,0.0020185489779882453,0.0075864079372343655,0.01957426965741026,0.004401348741065701,0.0050028767353713505,0.4858002875979868,-52517455.37322721,34349.91162586212
103,0.0033041421627547866,0.0038596560362733766,0.005913697222031436,0.0020185489779882453,0.0075864079372343655,0.01957426965741026,0.004401348741065701,0.0050028767353713505,0.4858002875979868,-52517455.365483955,34654.78259444237
104,0.0033041421627547866,0.0038596560362733766,0.005913687222031436,0.0020185589779882452,0.0075864079372343655,0.01957426965741026,0.004401348741065701,0.0050028767353713505,0.4858002875979868,-52517455.37059383,34996.04522943497
105,0.0033041421627547866,0.0038596560362733766,0.005913687222031436,0.0020185489779882453,0.0075864179372343655,0.01957426965741026,0.004401348741065701,0.0050028767353713505,0.4858002875979868,-52517455.36542561,35299.859478235245
106,0.0033041421627547866,0.0038596560362733766,0.005913687222031436,0.0020185489779882453,0.0075864079372343655,0.01957427965741026,0.004401348741065701,0.0050028767353713505,0.4858002875979868,-52517455.366877496,35612.412531375885
107,0.0033041421627547866,0.0038596560362733766,0.005913687222031436,0.0020185489779882453,0.0075864079372343655,0.01957426965741026,0.004401358741065701,0.0050028767353713505,0.4858002875979868,-52517455.36659142,35921.630670547485
108,0.0033041421627547866,0.0038596560362733766,0.005913687222031436,0.0020185489779882453,0.0075864079372343655,0.01957426965741026,0.004401348741065701,0.00500288673537135,0.4858002875979868,-52517455.37136429,36235.2253408432
109,0.0033041421627547866,0.0038596560362733766,0.005913687222031436,0.0020185489779882453,0.0075864079372343655,0.01957426965741026,0.004401348741065701,0.0050028767353713505,0.4858002975979868,-52517455.36876166,36554.951595783234
110,0.0031890373278670565,0.003374105770249613,0.006296506335927549,0.0024059412863433917,0.0106721671692247,0.017083913058141054,0.005202428856039245,0.004146553784808088,0.4925979652515254,-52516922.14629275,36876.727012872696
111,0.0031890473278670564,0.003374105770249613,0.006296506335927549,0.0024059412863433917,0.0106721671692247,0.017083913058141054,0.005202428856039245,0.004146553784808088,0.4925979652515254,-52516922.14035293,37188.67371845245
112,0.0031890373278670565,0.003374115770249613,0.006296506335927549,0.0024059412863433917,0.0106721671692247,0.017083913058141054,0.005202428856039245,0.004146553784808088,0.4925979652515254,-52516922.13787226,37499.670288324356
113,0.0031890373278670565,0.003374105770249613,0.006296516335927549,0.0024059412863433917,0.0106721671692247,0.017083913058141054,0.005202428856039245,0.004146553784808088,0.4925979652515254,-52516922.1473097,37847.51270699501
114,0.0031890373278670565,0.003374105770249613,0.006296506335927549,0.0024059512863433916,0.0106721671692247,0.017083913058141054,0.005202428856039245,0.004146553784808088,0.4925979652515254,-52516922.14108926,38177.48306965828
115,0.0031890373278670565,0.003374105770249613,0.006296506335927549,0.0024059412863433917,0.0106721771692247,0.017083913058141054,0.005202428856039245,0.004146553784808088,0.4925979652515254,-52516922.143630154,38494.14799785614
116,0.0031890373278670565,0.003374105770249613,0.006296506335927549,0.0024059412863433917,0.0106721671692247,0.017083923058141055,0.005202428856039245,0.004146553784808088,0.4925979652515254,-52516922.14468902,38832.41673493385
117,0.0031890373278670565,0.003374105770249613,0.006296506335927549,0.0024059412863433917,0.0106721671692247,0.017083913058141054,0.005202438856039245,0.004146553784808088,0.4925979652515254,-52516922.1435927,39153.14234519005
118,0.0031890373278670565,0.003374105770249613,0.006296506335927549,0.0024059412863433917,0.0106721671692247,0.017083913058141054,0.005202428856039245,0.004146563784808088,0.4925979652515254,-52516922.14067729,39459.38718986511
119,0.0031890373278670565,0.003374105770249613,0.006296506335927549,0.0024059412863433917,0.0106721671692247,0.017083913058141054,0.005202428856039245,0.004146553784808088,0.4925979752515254,-52516922.1462716,39795.49482750893
120,0.003244375096453113,0.003489946771870668,0.0063104616168658196,0.0024813539872186974,0.0112770148551526,0.01657736764827222,0.00549363838037413,0.004121089472455576,0.49396532653033276,-52516714.813167624,40137.709769010544
121,0.003244385096453113,0.003489946771870668,0.0063104616168658196,0.0024813539872186974,0.0112770148551526,0.01657736764827222,0.00549363838037413,0.004121089472455576,0.49396532653033276,-52516714.81146657,40474.32207417488
122,0.003244375096453113,0.003489956771870668,0.0063104616168658196,0.0024813539872186974,0.0112770148551526,0.01657736764827222,0.00549363838037413,0.004121089472455576,0.49396532653033276,-52516714.81158727,40809.284234285355
123,0.003244375096453113,0.003489946771870668,0.0063104716168658195,0.0024813539872186974,0.0112770148551526,0.01657736764827222,0.00549363838037413,0.004121089472455576,0.49396532653033276,-52516714.81425953,41160.6643075943
124,0.003244375096453113,0.003489946771870668,0.0063104616168658196,0.0024813639872186973,0.0112770148551526,0.01657736764827222,0.00549363838037413,0.004121089472455576,0.49396532653033276,-52516714.81410073,41493.09544324875
125,0.003244375096453113,0.003489946771870668,0.0063104616168658196,0.0024813539872186974,0.0112770248551526,0.01657736764827222,0.00549363838037413,0.004121089472455576,0.49396532653033276,-52516714.81180256,41824.139672756195
126,0.003244375096453113,0.003489946771870668,0.0063104616168658196,0.0024813539872186974,0.0112770148551526,0.01657737764827222,0.00549363838037413,0.004121089472455576,0.49396532653033276,-52516714.812567145,42130.52012991905
127,0.003244375096453113,0.003489946771870668,0.0063104616168658196,0.0024813539872186974,0.0112770148551526,0.01657736764827222,0.00549364838037413,0.004121089472455576,0.49396532653033276,-52516714.8120567,42455.594836473465
128,0.003244375096453113,0.003489946771870668,0.0063104616168658196,0.0024813539872186974,0.0112770148551526,0.01657736764827222,0.00549363838037413,0.004121099472455576,0.49396532653033276,-52516714.81151269,42783.46227693558
129,0.003244375096453113,0.003489946771870668,0.0063104616168658196,0.0024813539872186974,0.0112770148551526,0.01657736764827222,0.00549363838037413,0.004121089472455576,0.49396533653033275,-52516714.81315113,43097.45143651962
130,0.00322821497869958,0.00346947852468094,0.006301870359377119,0.0025562959761953994,0.012282425469175365,0.01573520804842838,0.0058784647288318585,0.004041444409106105,0.4962226070900837,-52516641.92342985,43435.43038392067
131,0.0032282249786995797,0.00346947852468094,0.006301870359377119,0.0025562959761953994,0.012282425469175365,0.01573520804842838,0.0058784647288318585,0.004041444409106105,0.4962226070900837,-52516641.92384868,43790.84287881851
132,0.00322821497869958,0.00346948852468094,0.006301870359377119,0.0025562959761953994,0.012282425469175365,0.01573520804842838,0.0058784647288318585,0.004041444409106105,0.4962226070900837,-52516641.92370909,44123.24402832985
133,0.00322821497869958,0.00346947852468094,0.006301880359377119,0.0025562959761953994,0.012282425469175365,0.01573520804842838,0.0058784647288318585,0.004041444409106105,0.4962226070900837,-52516641.923634164,44418.104211330414
134,0.00322821497869958,0.00346947852468094,0.006301870359377119,0.0025563059761953993,0.012282425469175365,0.01573520804842838,0.0058784647288318585,0.004041444409106105,0.4962226070900837,-52516641.9257265,44707.37300801277
135,0.00322821497869958,0.00346947852468094,0.006301870359377119,0.0025562959761953994,0.012282435469175365,0.01573520804842838,0.0058784647288318585,0.004041444409106105,0.4962226070900837,-52516641.923195265,45040.23493337631
136,0.00322821497869958,0.00346947852468094,0.006301870359377119,0.0025562959761953994,0.012282425469175365,0.01573521804842838,0.0058784647288318585,0.004041444409106105,0.4962226070900837,-52516641.923780054,45352.25866699219
137,0.00322821497869958,0.00346947852468094,0.006301870359377119,0.0025562959761953994,0.012282425469175365,0.01573520804842838,0.005878474728831858,0.004041444409106105,0.4962226070900837,-52516641.92326366,45653.832213163376
138,0.00322821497869958,0.00346947852468094,0.006301870359377119,0.0025562959761953994,0.012282425469175365,0.01573520804842838,0.0058784647288318585,0.004041454409106105,0.4962226070900837,-52516641.92252598,45977.019896030426
139,0.00322821497869958,0.00346947852468094,0.006301870359377119,0.0025562959761953994,0.012282425469175365,0.01573520804842838,0.0058784647288318585,0.004041444409106105,0.4962226170900837,-52516641.92341539,46289.15549778938
140,0.0031953230085786967,0.0034266897129116816,0.006288006772628112,0.0025600388967217877,0.013135396460183758,0.014948798703305972,0.0061883175882382555,0.004062519039663431,0.4982717830892339,-52516602.05283927,46617.19548511505
141,0.0031953330085786966,0.0034266897129116816,0.006288006772628112,0.0025600388967217877,0.013135396460183758,0.014948798703305972,0.0061883175882382555,0.004062519039663431,0.4982717830892339,-52516602.05382661,46952.7041413784
142,0.0031953230085786967,0.0034266997129116816,0.006288006772628112,0.0025600388967217877,0.013135396460183758,0.014948798703305972,0.0061883175882382555,0.004062519039663431,0.4982717830892339,-52516602.053256884,47240.8872218132
143,0.0031953230085786967,0.0034266897129116816,0.006288016772628112,0.0025600388967217877,0.013135396460183758,0.014948798703305972,0.0061883175882382555,0.004062519039663431,0.4982717830892339,-52516602.0531026,47539.3631169796
144,0.0031953230085786967,0.0034266897129116816,0.006288006772628112,0.0025600488967217876,0.013135396460183758,0.014948798703305972,0.0061883175882382555,0.004062519039663431,0.4982717830892339,-52516602.05434525,47856.64007663727
145,0.0031953230085786967,0.0034266897129116816,0.006288006772628112,0.0025600388967217877,0.013135406460183758,0.014948798703305972,0.0061883175882382555,0.004062519039663431,0.4982717830892339,-52516602.05315755,48196.374529361725
146,0.0031953230085786967,0.0034266897129116816,0.006288006772628112,0.0025600388967217877,0.013135396460183758,0.014948808703305972,0.0061883175882382555,0.004062519039663431,0.4982717830892339,-52516602.053557746,48546.6908288002
147,0.0031953230085786967,0.0034266897129116816,0.006288006772628112,0.0025600388967217877,0.013135396460183758,0.014948798703305972,0.006188327588238255,0.004062519039663431,0.4982717830892339,-52516602.053284585,48858.70537734032
148,0.0031953230085786967,0.0034266897129116816,0.006288006772628112,0.0025600388967217877,0.013135396460183758,0.014948798703305972,0.0061883175882382555,0.004062529039663431,0.4982717830892339,-52516602.05351995,49180.15986943245
149,0.0031953230085786967,0.0034266897129116816,0.006288006772628112,0.0025600388967217877,0.013135396460183758,0.014948798703305972,0.0061883175882382555,0.004062519039663431,0.4982717930892339,-52516602.05282653,49495.28032517433
150,0.0031246784066770485,0.0033612106425884173,0.006286031595192564,0.0026282385189069506,0.01441565341449207,0.0137181136208508,0.006574750397016018,0.003950642173778701,0.5013746174563679,-52516580.799334966,49822.5300488472
151,0.0031246884066770484,0.0033612106425884173,0.006286031595192564,0.0026282385189069506,0.01441565341449207,0.0137181136208508,0.006574750397016018,0.003950642173778701,0.5013746174563679,-52516580.79977066,50152.111603975296
152,0.0031246784066770485,0.003361220642588417,0.006286031595192564,0.0026282385189069506,0.01441565341449207,0.0137181136208508,0.006574750397016018,0.003950642173778701,0.5013746174563679,-52516580.79944656,50448.65252709389
153,0.0031246784066770485,0.0033612106425884173,0.006286041595192564,0.0026282385189069506,0.01441565341449207,0.0137181136208508,0.006574750397016018,0.003950642173778701,0.5013746174563679,-52516580.79843261,50776.151351213455
154,0.0031246784066770485,0.0033612106425884173,0.006286031595192564,0.0026282485189069505,0.01441565341449207,0.0137181136208508,0.006574750397016018,0.003950642173778701,0.5013746174563679,-52516580.79911783,51100.37815308571
155,0.0031246784066770485,0.0033612106425884173,0.006286031595192564,0.0026282385189069506,0.01441566341449207,0.0137181136208508,0.006574750397016018,0.003950642173778701,0.5013746174563679,-52516580.79934161,51403.908633470535
156,0.0031246784066770485,0.0033612106425884173,0.006286031595192564,0.0026282385189069506,0.01441565341449207,0.0137181236208508,0.006574750397016018,0.003950642173778701,0.5013746174563679,-52516580.799675,51719.47089576721
157,0.0031246784066770485,0.0033612106425884173,0.006286031595192564,0.0026282385189069506,0.01441565341449207,0.0137181136208508,0.006574760397016018,0.003950642173778701,0.5013746174563679,-52516580.800122626,52066.57936453819
158,0.0031246784066770485,0.0033612106425884173,0.006286031595192564,0.0026282385189069506,0.01441565341449207,0.0137181136208508,0.006574750397016018,0.003950652173778701,0.5013746174563679,-52516580.79767107,52415.097776412964
159,0.0031246784066770485,0.0033612106425884173,0.006286031595192564,0.0026282385189069506,0.01441565341449207,0.0137181136208508,0.006574750397016018,0.003950642173778701,0.501374627456368,-52516580.79932237,52721.76631641388
160,0.0030858946397892923,0.0033212890121659833,0.006309021486980627,0.002647390879973747,0.014988132425028108,0.013134024820661224,0.006716357896367793,0.003974308104796027,0.5028329958280946,-52516568.72036149,53043.53500151634
161,0.0030859046397892923,0.0033212890121659833,0.006309021486980627,0.002647390879973747,0.014988132425028108,0.013134024820661224,0.006716357896367793,0.003974308104796027,0.5028329958280946,-52516568.720591955,53336.8428273201
162,0.0030858946397892923,0.0033212990121659833,0.006309021486980627,0.002647390879973747,0.014988132425028108,0.013134024820661224,0.006716357896367793,0.003974308104796027,0.5028329958280946,-52516568.72024229,53631.333466768265
163,0.0030858946397892923,0.0033212890121659833,0.006309031486980627,0.002647390879973747,0.014988132425028108,0.013134024820661224,0.006716357896367793,0.003974308104796027,0.5028329958280946,-52516568.720504865,53952.205092430115
164,0.0030858946397892923,0.0033212890121659833,0.006309021486980627,0.002647400879973747,0.014988132425028108,0.013134024820661224,0.006716357896367793,0.003974308104796027,0.5028329958280946,-52516568.719929956,54264.81640625
165,0.0030858946397892923,0.0033212890121659833,0.006309021486980627,0.002647390879973747,0.014988142425028108,0.013134024820661224,0.006716357896367793,0.003974308104796027,0.5028329958280946,-52516568.72033256,54583.05790090561
166,0.0030858946397892923,0.0033212890121659833,0.006309021486980627,0.002647390879973747,0.014988132425028108,0.013134034820661224,0.006716357896367793,0.003974308104796027,0.5028329958280946,-52516568.720577024,54893.25176310539
167,0.0030858946397892923,0.0033212890121659833,0.006309021486980627,0.002647390879973747,0.014988132425028108,0.013134024820661224,0.006716367896367793,0.003974308104796027,0.5028329958280946,-52516568.721184544,55219.39863181114
168,0.0030858946397892923,0.0033212890121659833,0.006309021486980627,0.002647390879973747,0.014988132425028108,0.013134024820661224,0.006716357896367793,0.003974318104796027,0.5028329958280946,-52516568.720138684,55511.998594760895
169,0.0030858946397892923,0.0033212890121659833,0.006309021486980627,0.002647390879973747,0.014988132425028108,0.013134024820661224,0.006716357896367793,0.003974308104796027,0.5028330058280946,-52516568.72035007,55850.13155388832
170,0.003044363754612569,0.0032838710595367083,0.006318938391538258,0.002688782636655868,0.01555071255515923,0.01257330479177504,0.006817988920936602,0.0039627059540937705,0.5042332575359482,-52516561.90884919,56182.4526348114
171,0.003044373754612569,0.0032838710595367083,0.006318938391538258,0.002688782636655868,0.01555071255515923,0.01257330479177504,0.006817988920936602,0.0039627059540937705,0.5042332575359482,-52516561.908750445,56518.37389564514
172,0.003044363754612569,0.0032838810595367082,0.006318938391538258,0.002688782636655868,0.01555071255515923,0.01257330479177504,0.006817988920936602,0.0039627059540937705,0.5042332575359482,-52516561.90860287,56864.55412721634
173,0.003044363754612569,0.0032838710595367083,0.006318948391538258,0.002688782636655868,0.01555071255515923,0.01257330479177504,0.006817988920936602,0.0039627059540937705,0.5042332575359482,-52516561.90921961,57184.39424943924
174,0.003044363754612569,0.0032838710595367083,0.006318938391538258,0.002688792636655868,0.01555071255515923,0.01257330479177504,0.006817988920936602,0.0039627059540937705,0.5042332575359482,-52516561.90855792,57529.36615180969
175,0.003044363754612569,0.0032838710595367083,0.006318938391538258,0.002688782636655868,0.01555072255515923,0.01257330479177504,0.006817988920936602,0.0039627059540937705,0.5042332575359482,-52516561.90877363,57849.62515711784
176,0.003044363754612569,0.0032838710595367083,0.006318938391538258,0.002688782636655868,0.01555071255515923,0.01257331479177504,0.006817988920936602,0.0039627059540937705,0.5042332575359482,-52516561.908974186,58189.66092967987
177,0.003044363754612569,0.0032838710595367083,0.006318938391538258,0.002688782636655868,0.01555071255515923,0.01257330479177504,0.006817998920936602,0.0039627059540937705,0.5042332575359482,-52516561.90959027,58461.83894586563
178,0.003044363754612569,0.0032838710595367083,0.006318938391538258,0.002688782636655868,0.01555071255515923,0.01257330479177504,0.006817988920936602,0.0039627159540937705,0.5042332575359482,-52516561.90896319,58781.921880722046
179,0.003044363754612569,0.0032838710595367083,0.006318938391538258,0.002688782636655868,0.01555071255515923,0.01257330479177504,0.006817988920936602,0.0039627059540937705,0.5042332675359482,-52516561.908838205,59094.793278455734
180,0.003011969973412435,0.003256992330818105,0.0062957602433337985,0.002713806955917906,0.01632410133799165,0.011773690218336692,0.006837276088829498,0.0039660206888676355,0.506166296750037,-52516549.297046214,59471.30237722397
181,0.003011979973412435,0.003256992330818105,0.0062957602433337985,0.002713806955917906,0.01632410133799165,0.011773690218336692,0.006837276088829498,0.0039660206888676355,0.506166296750037,-52516549.296496645,59813.3314037323
182,0.003011969973412435,0.003257002330818105,0.0062957602433337985,0.002713806955917906,0.01632410133799165,0.011773690218336692,0.006837276088829498,0.0039660206888676355,0.506166296750037,-52516549.29662347,60118.4169921875
183,0.003011969973412435,0.003256992330818105,0.0062957702433337984,0.002713806955917906,0.01632410133799165,0.011773690218336692,0.006837276088829498,0.0039660206888676355,0.506166296750037,-52516549.296867125,60442.11820554733
184,0.003011969973412435,0.003256992330818105,0.0062957602433337985,0.002713816955917906,0.01632410133799165,0.011773690218336692,0.006837276088829498,0.0039660206888676355,0.506166296750037,-52516549.296924084,60768.71336555481
185,0.003011969973412435,0.003256992330818105,0.0062957602433337985,0.002713806955917906,0.01632411133799165,0.011773690218336692,0.006837276088829498,0.0039660206888676355,0.506166296750037,-52516549.296682216,61095.93774318695
186,0.003011969973412435,0.003256992330818105,0.0062957602433337985,0.002713806955917906,0.01632410133799165,0.011773700218336692,0.006837276088829498,0.0039660206888676355,0.506166296750037,-52516549.29682642,61429.49978995323
187,0.003011969973412435,0.003256992330818105,0.0062957602433337985,0.002713806955917906,0.01632410133799165,0.011773690218336692,0.006837286088829498,0.0039660206888676355,0.506166296750037,-52516549.297653936,61733.52488684654
188,0.003011969973412435,0.003256992330818105,0.0062957602433337985,0.002713806955917906,0.01632410133799165,0.011773690218336692,0.006837276088829498,0.003966030688867635,0.506166296750037,-52516549.29752368,62070.9697573185
189,0.003011969973412435,0.003256992330818105,0.0062957602433337985,0.002713806955917906,0.01632410133799165,0.011773690218336692,0.006837276088829498,0.0039660206888676355,0.506166306750037,-52516549.297035396,62394.88765025139
190,0.0029437913275120347,0.0032268797784719724,0.006350511955176177,0.0027890042036186604,0.018027754226637813,0.009800632654847114,0.006803646727541978,0.0038801334722050012,0.5110178544827692,-52516584.70918466,62727.81863117218
191,0.0029438013275120346,0.0032268797784719724,0.006350511955176177,0.0027890042036186604,0.018027754226637813,0.009800632654847114,0.006803646727541978,0.0038801334722050012,0.5110178544827692,-52516584.70649963,63038.74805855751
192,0.0029437913275120347,0.0032268897784719724,0.006350511955176177,0.0027890042036186604,0.018027754226637813,0.009800632654847114,0.006803646727541978,0.0038801334722050012,0.5110178544827692,-52516584.70840221,63355.89521789551
193,0.0029437913275120347,0.0032268797784719724,0.006350521955176177,0.0027890042036186604,0.018027754226637813,0.009800632654847114,0.006803646727541978,0.0038801334722050012,0.5110178544827692,-52516584.7095253,63691.53335547447
194,0.0029437913275120347,0.0032268797784719724,0.006350511955176177,0.0027890142036186604,0.018027754226637813,0.009800632654847114,0.006803646727541978,0.0038801334722050012,0.5110178544827692,-52516584.70816853,64049.84590578079
195,0.0029437913275120347,0.0032268797784719724,0.006350511955176177,0.0027890042036186604,0.01802774422663781,0.009800632654847114,0.006803646727541978,0.0038801334722050012,0.5110178544827692,-52516584.712490745,64373.30208706856
196,0.0029437913275120347,0.0032268797784719724,0.006350511955176177,0.0027890042036186604,0.018027754226637813,0.009800642654847114,0.006803646727541978,0.0038801334722050012,0.5110178544827692,-52516584.70596797,64683.97241854668
197,0.0029437913275120347,0.0032268797784719724,0.006350511955176177,0.0027890042036186604,0.018027754226637813,0.009800632654847114,0.006803656727541978,0.0038801334722050012,0.5110178544827692,-52516584.70941213,65008.288175821304
198,0.0029437913275120347,0.0032268797784719724,0.006350511955176177,0.0027890042036186604,0.018027754226637813,0.009800632654847114,0.006803646727541978,0.003880143472205001,0.5110178544827692,-52516584.70719822,65355.28428864479
199,0.0029437913275120347,0.0032268797784719724,0.006350511955176177,0.0027890042036186604,0.018027754226637813,0.009800632654847114,0.006803646727541978,0.0038801334722050012,0.5110178644827692,-52516584.709173895,65691.50338935852
200,0.0029973043155116083,0.0032505149303740676,0.006307537682805653,0.0027299823594522338,0.01669056784838759,0.011349273058643479,0.006830042200541565,0.00394754580540532,0.5072098975000182,-52516546.40129966,66034.18526029587
201,0.002997314315511608,0.0032505149303740676,0.006307537682805653,0.0027299823594522338,0.01669056784838759,0.011349273058643479,0.006830042200541565,0.00394754580540532,0.5072098975000182,-52516546.400298454,66356.38354182243
202,0.0029973043155116083,0.0032505249303740676,0.006307537682805653,0.0027299823594522338,0.01669056784838759,0.011349273058643479,0.006830042200541565,0.00394754580540532,0.5072098975000182,-52516546.40080546,66687.62209653854
203,0.0029973043155116083,0.0032505149303740676,0.006307547682805653,0.0027299823594522338,0.01669056784838759,0.011349273058643479,0.006830042200541565,0.00394754580540532,0.5072098975000182,-52516546.401240334,67013.97641181946
204,0.0029973043155116083,0.0032505149303740676,0.006307537682805653,0.0027299923594522337,0.01669056784838759,0.011349273058643479,0.006830042200541565,0.00394754580540532,0.5072098975000182,-52516546.40099796,67337.62485933304
205,0.0029973043155116083,0.0032505149303740676,0.006307537682805653,0.0027299823594522338,0.01669057784838759,0.011349273058643479,0.006830042200541565,0.00394754580540532,0.5072098975000182,-52516546.4003063,67700.50123786926
206,0.0029973043155116083,0.0032505149303740676,0.006307537682805653,0.0027299823594522338,0.01669056784838759,0.011349283058643479,0.006830042200541565,0.00394754580540532,0.5072098975000182,-52516546.40043473,68001.10453748703
207,0.0029973043155116083,0.0032505149303740676,0.006307537682805653,0.0027299823594522338,0.01669056784838759,0.011349273058643479,0.006830052200541565,0.00394754580540532,0.5072098975000182,-52516546.40182777,68274.73223614693
208,0.0029973043155116083,0.0032505149303740676,0.006307537682805653,0.0027299823594522338,0.01669056784838759,0.011349273058643479,0.006830042200541565,0.00394755580540532,0.5072098975000182,-52516546.40129552,68602.47118139267
209,0.0029973043155116083,0.0032505149303740676,0.006307537682805653,0.0027299823594522338,0.01669056784838759,0.011349273058643479,0.006830042200541565,0.00394754580540532,0.5072099075000183,-52516546.40128886,68926.26593470573
210,0.0029797189287690535,0.003220480873508164,0.006311781254265084,0.002770677771377635,0.017762332262488075,0.010341009916985248,0.0067754154627410286,0.0039142359873689725,0.5097391545757062,-52516529.22842097,69228.00661444664
211,0.0029797289287690535,0.003220480873508164,0.006311781254265084,0.002770677771377635,0.017762332262488075,0.010341009916985248,0.0067754154627410286,0.0039142359873689725,0.5097391545757062,-52516529.22741203,69523.2349498272
212,0.0029797189287690535,0.003220490873508164,0.006311781254265084,0.002770677771377635,0.017762332262488075,0.010341009916985248,0.0067754154627410286,0.0039142359873689725,0.5097391545757062,-52516529.22738206,69822.45762515068
213,0.0029797189287690535,0.003220480873508164,0.006311791254265084,0.002770677771377635,0.017762332262488075,0.010341009916985248,0.0067754154627410286,0.0039142359873689725,0.5097391545757062,-52516529.22830798,70150.60877847672
214,0.0029797189287690535,0.003220480873508164,0.006311781254265084,0.002770687771377635,0.017762332262488075,0.010341009916985248,0.0067754154627410286,0.0039142359873689725,0.5097391545757062,-52516529.22882318,70455.35777831078
215,0.0029797189287690535,0.003220480873508164,0.006311781254265084,0.002770677771377635,0.017762342262488077,0.010341009916985248,0.0067754154627410286,0.0039142359873689725,0.5097391545757062,-52516529.22791278,70787.78166484833
216,0.0029797189287690535,0.003220480873508164,0.006311781254265084,0.002770677771377635,0.017762332262488075,0.010341019916985248,0.0067754154627410286,0.0039142359873689725,0.5097391545757062,-52516529.22801694,71107.34547924995
217,0.0029797189287690535,0.003220480873508164,0.006311781254265084,0.002770677771377635,0.017762332262488075,0.010341009916985248,0.0067754254627410285,0.0039142359873689725,0.5097391545757062,-52516529.22862926,71445.71554732323
218,0.0029797189287690535,0.003220480873508164,0.006311781254265084,0.002770677771377635,0.017762332262488075,0.010341009916985248,0.0067754154627410286,0.003914245987368972,0.5097391545757062,-52516529.22849298,71747.8110229969
219,0.0029797189287690535,0.003220480873508164,0.006311781254265084,0.002770677771377635,0.017762332262488075,0.010341009916985248,0.0067754154627410286,0.0039142359873689725,0.5097391645757062,-52516529.228409946,72081.73123931885
220,0.0030137917919233477,0.0032597412219557607,0.006312830800992348,0.0027498571854291105,0.018027754226637813,0.010111119789870176,0.006724315021407455,0.003911918730502153,0.5103303553730412,-52516517.17915081,72395.93868851662
221,0.0030138017919233476,0.0032597412219557607,0.006312830800992348,0.0027498571854291105,0.018027754226637813,0.010111119789870176,0.006724315021407455,0.003911918730502153,0.5103303553730412,-52516517.17874833,72754.39848661423
222,0.0030137917919233477,0.0032597512219557606,0.006312830800992348,0.0027498571854291105,0.018027754226637813,0.010111119789870176,0.006724315021407455,0.003911918730502153,0.5103303553730412,-52516517.17892086,73067.72998070717
223,0.0030137917919233477,0.0032597412219557607,0.006312840800992348,0.0027498571854291105,0.018027754226637813,0.010111119789870176,0.006724315021407455,0.003911918730502153,0.5103303553730412,-52516517.17910838,73424.77526307106
224,0.0030137917919233477,0.0032597412219557607,0.006312830800992348,0.0027498671854291105,0.018027754226637813,0.010111119789870176,0.006724315021407455,0.003911918730502153,0.5103303553730412,-52516517.18023259,73742.49499583244
225,0.0030137917919233477,0.0032597412219557607,0.006312830800992348,0.0027498571854291105,0.01802774422663781,0.010111119789870176,0.006724315021407455,0.003911918730502153,0.5103303553730412,-52516517.17930228,74056.16201424599
226,0.0030137917919233477,0.0032597412219557607,0.006312830800992348,0.0027498571854291105,0.018027754226637813,0.010111129789870176,0.006724315021407455,0.003911918730502153,0.5103303553730412,-52516517.17909463,74362.54451084137
227,0.0030137917919233477,0.0032597412219557607,0.006312830800992348,0.0027498571854291105,0.018027754226637813,0.010111119789870176,0.0067243250214074545,0.003911918730502153,0.5103303553730412,-52516517.17949035,74674.55284667015
228,0.0030137917919233477,0.0032597412219557607,0.006312830800992348,0.0027498571854291105,0.018027754226637813,0.010111119789870176,0.006724315021407455,0.003911928730502153,0.5103303553730412,-52516517.1797128,74994.91170310974
229,0.0030137917919233477,0.0032597412219557607,0.006312830800992348,0.0027498571854291105,0.018027754226637813,0.010111119789870176,0.006724315021407455,0.003911918730502153,0.5103303653730412,-52516517.17913995,75312.60520267487
230,0.0031586760361866925,0.0034097133957666143,0.006297152474058418,0.00260662678508501,0.018027754226637813,0.010126486597076007,0.006214927890091042,0.003946781821241667,0.5102671036885068,-52516487.434760034,75610.50511288643
231,0.0031586860361866925,0.0034097133957666143,0.006297152474058418,0.00260662678508501,0.018027754226637813,0.010126486597076007,0.006214927890091042,0.003946781821241667,0.5102671036885068,-52516487.435141146,75937.01779294014
232,0.0031586760361866925,0.0034097233957666143,0.006297152474058418,0.00260662678508501,0.018027754226637813,0.010126486597076007,0.006214927890091042,0.003946781821241667,0.5102671036885068,-52516487.435505964,76258.65482640266
233,0.0031586760361866925,0.0034097133957666143,0.006297162474058418,0.00260662678508501,0.018027754226637813,0.010126486597076007,0.006214927890091042,0.003946781821241667,0.5102671036885068,-52516487.43487993,76602.35495257378
234,0.0031586760361866925,0.0034097133957666143,0.006297152474058418,0.00260663678508501,0.018027754226637813,0.010126486597076007,0.006214927890091042,0.003946781821241667,0.5102671036885068,-52516487.43659684,76938.57920646667
235,0.0031586760361866925,0.0034097133957666143,0.006297152474058418,0.00260662678508501,0.01802774422663781,0.010126486597076007,0.006214927890091042,0.003946781821241667,0.5102671036885068,-52516487.43454477,77272.72658753395
236,0.0031586760361866925,0.0034097133957666143,0.006297152474058418,0.00260662678508501,0.018027754226637813,0.010126496597076007,0.006214927890091042,0.003946781821241667,0.5102671036885068,-52516487.435055904,77583.36416888237
237,0.0031586760361866925,0.0034097133957666143,0.006297152474058418,0.00260662678508501,0.018027754226637813,0.010126486597076007,0.006214937890091042,0.003946781821241667,0.5102671036885068,-52516487.435063615,77897.93840742111
238,0.0031586760361866925,0.0034097133957666143,0.006297152474058418,0.00260662678508501,0.018027754226637813,0.010126486597076007,0.006214927890091042,0.0039467918212416665,0.5102671036885068,-52516487.43631503,78228.2026386261
239,0.0031586760361866925,0.0034097133957666143,0.006297152474058418,0.00260662678508501,0.018027754226637813,0.010126486597076007,0.006214927890091042,0.003946781821241667,0.5102671136885069,-52516487.43474829,78566.90871500969
240,0.003335057847588255,0.00357000582671768,0.006305736409475315,0.0024119064256384586,0.018027754226637813,0.007344437255183282,0.005511793788833519,0.003885934726540821,0.5172323406059967,-52520423.98325752,78879.56887936592
241,0.003335067847588255,0.00357000582671768,0.006305736409475315,0.0024119064256384586,0.018027754226637813,0.007344437255183282,0.005511793788833519,0.003885934726540821,0.5172323406059967,-52520423.97945702,79241.81118988991
242,0.003335057847588255,0.0035700158267176797,0.006305736409475315,0.0024119064256384586,0.018027754226637813,0.007344437255183282,0.005511793788833519,0.003885934726540821,0.5172323406059967,-52520423.97927334,79553.23539757729
243,0.003335057847588255,0.00357000582671768,0.006305746409475315,0.0024119064256384586,0.018027754226637813,0.007344437255183282,0.005511793788833519,0.003885934726540821,0.5172323406059967,-52520423.97977523,79846.70641088486
244,0.003335057847588255,0.00357000582671768,0.006305736409475315,0.0024119164256384586,0.018027754226637813,0.007344437255183282,0.005511793788833519,0.003885934726540821,0.5172323406059967,-52520423.97240689,80160.12043309212
245,0.003335057847588255,0.00357000582671768,0.006305736409475315,0.0024119064256384586,0.01802774422663781,0.007344437255183282,0.005511793788833519,0.003885934726540821,0.5172323406059967,-52520424.012574755,80469.29035592079
246,0.003335057847588255,0.00357000582671768,0.006305736409475315,0.0024119064256384586,0.018027754226637813,0.007344447255183282,0.005511793788833519,0.003885934726540821,0.5172323406059967,-52520423.95386943,80802.0331852436
247,0.003335057847588255,0.00357000582671768,0.006305736409475315,0.0024119064256384586,0.018027754226637813,0.007344437255183282,0.005511803788833519,0.003885934726540821,0.5172323406059967,-52520423.984435745,81119.27528595924
248,0.003335057847588255,0.00357000582671768,0.006305736409475315,0.0024119064256384586,0.018027754226637813,0.007344437255183282,0.005511793788833519,0.003885944726540821,0.5172323406059967,-52520423.96572031,81448.50318050385
249,0.003335057847588255,0.00357000582671768,0.006305736409475315,0.0024119064256384586,0.018027754226637813,0.007344437255183282,0.005511793788833519,0.003885934726540821,0.5172323506059967,-52520423.9832495,81773.93072032928
250,0.0031617680010411985,0.0034125233145388834,0.006297302950042372,0.002603213346346166,0.018027754226637813,0.010077717403017498,0.006202601982380845,0.0039457151745346235,0.5103892039639324,-52516486.18849928,82092.7116265297
251,0.0031617780010411984,0.0034125233145388834,0.006297302950042372,0.002603213346346166,0.018027754226637813,0.010077717403017498,0.006202601982380845,0.0039457151745346235,0.5103892039639324,-52516486.18881233,82393.56013035774
252,0.0031617680010411985,0.0034125333145388834,0.006297302950042372,0.002603213346346166,0.018027754226637813,0.010077717403017498,0.006202601982380845,0.0039457151745346235,0.5103892039639324,-52516486.189167425,82720.17439651489
253,0.0031617680010411985,0.0034125233145388834,0.006297312950042372,0.002603213346346166,0.018027754226637813,0.010077717403017498,0.006202601982380845,0.0039457151745346235,0.5103892039639324,-52516486.188560955,83034.54399776459
254,0.0031617680010411985,0.0034125233145388834,0.006297302950042372,0.002603223346346166,0.018027754226637813,0.010077717403017498,0.006202601982380845,0.0039457151745346235,0.5103892039639324,-52516486.190131284,83317.23183345795
255,0.0031617680010411985,0.0034125233145388834,0.006297302950042372,0.002603213346346166,0.01802774422663781,0.010077717403017498,0.006202601982380845,0.0039457151745346235,0.5103892039639324,-52516486.188756146,83649.41933989525
256,0.0031617680010411985,0.0034125233145388834,0.006297302950042372,0.002603213346346166,0.018027754226637813,0.010077727403017498,0.006202601982380845,0.0039457151745346235,0.5103892039639324,-52516486.18832072,83974.76833939552
257,0.0031617680010411985,0.0034125233145388834,0.006297302950042372,0.002603213346346166,0.018027754226637813,0.010077717403017498,0.006202611982380845,0.0039457151745346235,0.5103892039639324,-52516486.18881514,84272.09653806686
258,0.0031617680010411985,0.0034125233145388834,0.006297302950042372,0.002603213346346166,0.018027754226637813,0.010077717403017498,0.006202601982380845,0.0039457251745346235,0.5103892039639324,-52516486.189755335,84628.22069525719
259,0.0031617680010411985,0.0034125233145388834,0.006297302950042372,0.002603213346346166,0.018027754226637813,0.010077717403017498,0.006202601982380845,0.0039457151745346235,0.5103892139639324,-52516486.18848748,84945.75888037682
260,0.003350294147200956,0.0035938565927208913,0.00628646880777562,0.002360507853706054,0.018027754226637813,0.010096425027310039,0.005446044534881884,0.003960959464281248,0.5103423462065038,-52516467.15365044,85283.86293935776
261,0.003350304147200956,0.0035938565927208913,0.00628646880777562,0.002360507853706054,0.018027754226637813,0.010096425027310039,0.005446044534881884,0.003960959464281248,0.5103423462065038,-52516467.15321721,85597.87687754631
262,0.003350294147200956,0.0035938665927208913,0.00628646880777562,0.002360507853706054,0.018027754226637813,0.010096425027310039,0.005446044534881884,0.003960959464281248,0.5103423462065038,-52516467.15328743,85901.80047655106
263,0.003350294147200956,0.0035938565927208913,0.00628647880777562,0.002360507853706054,0.018027754226637813,0.010096425027310039,0.005446044534881884,0.003960959464281248,0.5103423462065038,-52516467.15398813,86197.4271299839
264,0.003350294147200956,0.0035938565927208913,0.00628646880777562,0.002360517853706054,0.018027754226637813,0.010096425027310039,0.005446044534881884,0.003960959464281248,0.5103423462065038,-52516467.153053276,86484.48714470863
265,0.003350294147200956,0.0035938565927208913,0.00628646880777562,0.002360507853706054,0.01802774422663781,0.010096425027310039,0.005446044534881884,0.003960959464281248,0.5103423462065038,-52516467.153763704,86828.21790146828
266,0.003350294147200956,0.0035938565927208913,0.00628646880777562,0.002360507853706054,0.018027754226637813,0.010096435027310039,0.005446044534881884,0.003960959464281248,0.5103423462065038,-52516467.15362162,87130.92038297653
267,0.003350294147200956,0.0035938565927208913,0.00628646880777562,0.002360507853706054,0.018027754226637813,0.010096425027310039,0.005446054534881884,0.003960959464281248,0.5103423462065038,-52516467.15354306,87436.93644785881
268,0.003350294147200956,0.0035938565927208913,0.00628646880777562,0.002360507853706054,0.018027754226637813,0.010096425027310039,0.005446044534881884,0.003960969464281248,0.5103423462065038,-52516467.1536037,87740.30806493759
269,0.003350294147200956,0.0035938565927208913,0.00628646880777562,0.002360507853706054,0.018027754226637813,0.010096425027310039,0.005446044534881884,0.003960959464281248,0.5103423562065038,-52516467.153634645,88066.30395746231
270,0.0033504641397874664,0.0035867504986243537,0.006278160694455301,0.002388163862629743,0.018027754226637813,0.010094291347982924,0.005511544989556771,0.0039530564212253,0.5103458318327987,-52516466.39047008,88417.49878883362
271,0.0033504741397874663,0.0035867504986243537,0.006278160694455301,0.002388163862629743,0.018027754226637813,0.010094291347982924,0.005511544989556771,0.0039530564212253,0.5103458318327987,-52516466.39079414,88763.81992793083
272,0.0033504641397874664,0.0035867604986243536,0.006278160694455301,0.002388163862629743,0.018027754226637813,0.010094291347982924,0.005511544989556771,0.0039530564212253,0.5103458318327987,-52516466.39051683,89071.45013666153
273,0.0033504641397874664,0.0035867504986243537,0.006278170694455301,0.002388163862629743,0.018027754226637813,0.010094291347982924,0.005511544989556771,0.0039530564212253,0.5103458318327987,-52516466.390399665,89389.45126342773
274,0.0033504641397874664,0.0035867504986243537,0.006278160694455301,0.0023881738626297428,0.018027754226637813,0.010094291347982924,0.005511544989556771,0.0039530564212253,0.5103458318327987,-52516466.39071846,89694.78551244736
275,0.0033504641397874664,0.0035867504986243537,0.006278160694455301,0.002388163862629743,0.01802774422663781,0.010094291347982924,0.005511544989556771,0.0039530564212253,0.5103458318327987,-52516466.39059373,90043.66421031952
276,0.0033504641397874664,0.0035867504986243537,0.006278160694455301,0.002388163862629743,0.018027754226637813,0.010094301347982924,0.005511544989556771,0.0039530564212253,0.5103458318327987,-52516466.39043228,90333.61146378517
277,0.0033504641397874664,0.0035867504986243537,0.006278160694455301,0.002388163862629743,0.018027754226637813,0.010094291347982924,0.005511554989556771,0.0039530564212253,0.5103458318327987,-52516466.3904907,90632.5900053978
278,0.0033504641397874664,0.0035867504986243537,0.006278160694455301,0.002388163862629743,0.018027754226637813,0.010094291347982924,0.005511544989556771,0.0039530664212253,0.5103458318327987,-52516466.39051772,90967.89207983017
279,0.0033504641397874664,0.0035867504986243537,0.006278160694455301,0.002388163862629743,0.018027754226637813,0.010094291347982924,0.005511544989556771,0.0039530564212253,0.5103458418327987,-52516466.39045491,91307.63215613365
280,0.0033396931322518205,0.0035814189518761446,0.0062807531045135446,0.0023894193623966355,0.018027754226637813,0.010096074345743751,0.005528337549548472,0.0039533212248841825,0.5103461674292616,-52516466.22734426,91635.50889539719
281,0.0033397031322518205,0.0035814189518761446,0.0062807531045135446,0.0023894193623966355,0.018027754226637813,0.010096074345743751,0.005528337549548472,0.0039533212248841825,0.5103461674292616,-52516466.22735731,91946.88324809074
282,0.0033396931322518205,0.0035814289518761445,0.0062807531045135446,0.0023894193623966355,0.018027754226637813,0.010096074345743751,0.005528337549548472,0.0039533212248841825,0.5103461674292616,-52516466.22732867,92264.94194746017
283,0.0033396931322518205,0.0035814189518761446,0.0062807631045135445,0.0023894193623966355,0.018027754226637813,0.010096074345743751,0.005528337549548472,0.0039533212248841825,0.5103461674292616,-52516466.22735978,92603.3030860424
284,0.0033396931322518205,0.0035814189518761446,0.0062807531045135446,0.0023894293623966355,0.018027754226637813,0.010096074345743751,0.005528337549548472,0.0039533212248841825,0.5103461674292616,-52516466.22731134,92940.01155424118
285,0.0033396931322518205,0.0035814189518761446,0.0062807531045135446,0.0023894193623966355,0.01802774422663781,0.010096074345743751,0.005528337549548472,0.0039533212248841825,0.5103461674292616,-52516466.227469064,93286.5828795433
286,0.0033396931322518205,0.0035814189518761446,0.0062807531045135446,0.0023894193623966355,0.018027754226637813,0.010096084345743751,0.005528337549548472,0.0039533212248841825,0.5103461674292616,-52516466.227306865,93611.25588202477
287,0.0033396931322518205,0.0035814189518761446,0.0062807531045135446,0.0023894193623966355,0.018027754226637813,0.010096074345743751,0.005528347549548472,0.0039533212248841825,0.5103461674292616,-52516466.22735563,93956.9753935337
288,0.0033396931322518205,0.0035814189518761446,0.0062807531045135446,0.0023894193623966355,0.018027754226637813,0.010096074345743751,0.005528337549548472,0.0039533312248841825,0.5103461674292616,-52516466.22732717,94272.81021499634
289,0.0033396931322518205,0.0035814189518761446,0.0062807531045135446,0.0023894193623966355,0.018027754226637813,0.010096074345743751,0.005528337549548472,0.0039533212248841825,0.5103461774292617,-52516466.22732933,94603.89922857285
290,0.003340122440637757,0.0035824845097278115,0.006280511343248744,0.0023889437722545027,0.018027754226637813,0.010095729988510924,0.005522965723959867,0.0039536188773480335,0.5103483216469739,-52516466.22167693,94909.90793085098
291,0.0033401324406377567,0.0035824845097278115,0.006280511343248744,0.0023889437722545027,0.018027754226637813,0.010095729988510924,0.005522965723959867,0.0039536188773480335,0.5103483216469739,-52516466.22167465,95222.56291460991
292,0.003340122440637757,0.0035824945097278115,0.006280511343248744,0.0023889437722545027,0.018027754226637813,0.010095729988510924,0.005522965723959867,0.0039536188773480335,0.5103483216469739,-52516466.221674405,95530.14841675758
293,0.003340122440637757,0.0035824845097278115,0.0062805213432487435,0.0023889437722545027,0.018027754226637813,0.010095729988510924,0.005522965723959867,0.0039536188773480335,0.5103483216469739,-52516466.221690066,95843.29053711891
294,0.003340122440637757,0.0035824845097278115,0.006280511343248744,0.0023889537722545026,0.018027754226637813,0.010095729988510924,0.005522965723959867,0.0039536188773480335,0.5103483216469739,-52516466.22166904,96165.8524529934
295,0.003340122440637757,0.0035824845097278115,0.006280511343248744,0.0023889437722545027,0.01802774422663781,0.010095729988510924,0.005522965723959867,0.0039536188773480335,0.5103483216469739,-52516466.22180118,96487.82842683792
296,0.003340122440637757,0.0035824845097278115,0.006280511343248744,0.0023889437722545027,0.018027754226637813,0.010095739988510924,0.005522965723959867,0.0039536188773480335,0.5103483216469739,-52516466.2216394,96822.11412930489
297,0.003340122440637757,0.0035824845097278115,0.006280511343248744,0.0023889437722545027,0.018027754226637813,0.010095729988510924,0.005522975723959867,0.0039536188773480335,0.5103483216469739,-52516466.221677385,97164.24746870995
298,0.003340122440637757,0.0035824845097278115,0.006280511343248744,0.0023889437722545027,0.018027754226637813,0.010095729988510924,0.005522965723959867,0.0039536288773480335,0.5103483216469739,-52516466.22166987,97492.16900324821
299,0.003340122440637757,0.0035824845097278115,0.006280511343248744,0.0023889437722545027,0.018027754226637813,0.010095729988510924,0.005522965723959867,0.0039536188773480335,0.5103483316469739,-52516466.22166163,97841.47982096672
