state,site,prob
"(0, 0, 0)",AAAA,0.23834112869277382
"(1, 0, 0)",AAAA,0.23816305569602267
"(2, 0, 0)",AAAA,0.23816305569602267
"(3, 0, 0)",AAAA,0.23816305569602267
"(0, 0, 0)",AAAC,0.002910637245556777
"(1, 0, 0)",AAAC,0.002902974614694058
"(2, 0, 0)",AAAC,0.002902974614694058
"(3, 0, 0)",AAAC,0.002902974614694058
"(0, 0, 0)",AAAT,0.002910637245556776
"(1, 0, 0)",AAAT,0.002902974614694058
"(2, 0, 0)",AAAT,0.002902974614694058
"(3, 0, 0)",AAAT,0.002902974614694058
"(0, 0, 0)",AAAG,0.002910637245556776
"(1, 0, 0)",AAAG,0.002902974614694058
"(2, 0, 0)",AAAG,0.002902974614694058
"(3, 0, 0)",AAAG,0.002902974614694058
"(0, 0, 0)",AACA,0.00033493808283707673
"(1, 0, 0)",AACA,0.0003393979139615796
"(2, 0, 0)",AACA,0.00032330732990843184
"(3, 0, 0)",AACA,0.00032330732990843184
"(0, 0, 0)",AACC,6.914846417243874e-05
"(1, 0, 0)",AACC,2.0449295314224887e-05
"(2, 0, 0)",AACC,4.401168681023959e-06
"(3, 0, 0)",AACC,4.401168681023959e-06
"(0, 0, 0)",AACT,4.966246365512479e-06
"(1, 0, 0)",AACT,4.355644731348007e-06
"(2, 0, 0)",AACT,3.946885732288509e-06
"(3, 0, 0)",AACT,3.946885732288509e-06
"(0, 0, 0)",AACG,4.966246365512479e-06
"(1, 0, 0)",AACG,4.355644731348008e-06
"(2, 0, 0)",AACG,3.946885732288509e-06
"(3, 0, 0)",AACG,3.946885732288509e-06
"(0, 0, 0)",AATA,0.0003349380828370768
"(1, 0, 0)",AATA,0.00033939791396157967
"(2, 0, 0)",AATA,0.0003233073299084319
"(3, 0, 0)",AATA,0.0003233073299084319
"(0, 0, 0)",AATC,4.96624636551248e-06
"(1, 0, 0)",AATC,4.355644731348008e-06
"(2, 0, 0)",AATC,3.94688573228851e-06
"(3, 0, 0)",AATC,3.94688573228851e-06
"(0, 0, 0)",AATT,6.914846417243871e-05
"(1, 0, 0)",AATT,2.0449295314224884e-05
"(2, 0, 0)",AATT,4.40116868102396e-06
"(3, 0, 0)",AATT,4.40116868102396e-06
"(0, 0, 0)",AATG,4.966246365512479e-06
"(1, 0, 0)",AATG,4.355644731348008e-06
"(2, 0, 0)",AATG,3.94688573228851e-06
"(3, 0, 0)",AATG,3.94688573228851e-06
"(0, 0, 0)",AAGA,0.0003349380828370768
"(1, 0, 0)",AAGA,0.00033939791396157967
"(2, 0, 0)",AAGA,0.0003233073299084319
"(3, 0, 0)",AAGA,0.0003233073299084319
"(0, 0, 0)",AAGC,4.96624636551248e-06
"(1, 0, 0)",AAGC,4.355644731348008e-06
"(2, 0, 0)",AAGC,3.94688573228851e-06
"(3, 0, 0)",AAGC,3.94688573228851e-06
"(0, 0, 0)",AAGT,4.96624636551248e-06
"(1, 0, 0)",AAGT,4.355644731348008e-06
"(2, 0, 0)",AAGT,3.94688573228851e-06
"(3, 0, 0)",AAGT,3.94688573228851e-06
"(0, 0, 0)",AAGG,6.914846417243868e-05
"(1, 0, 0)",AAGG,2.0449295314224884e-05
"(2, 0, 0)",AAGG,4.40116868102396e-06
"(3, 0, 0)",AAGG,4.40116868102396e-06
"(0, 0, 0)",ACAA,0.00026931319234267675
"(1, 0, 0)",ACAA,0.00032330732990843184
"(2, 0, 0)",ACAA,0.0003393979139615796
"(3, 0, 0)",ACAA,0.00032330732990843385
"(0, 0, 0)",ACAC,3.666279409370173e-06
"(1, 0, 0)",ACAC,4.401168681023959e-06
"(2, 0, 0)",ACAC,2.0449295314224887e-05
"(3, 0, 0)",ACAC,4.401168681023866e-06
"(0, 0, 0)",ACAT,3.293955708648557e-06
"(1, 0, 0)",ACAT,3.946885732288509e-06
"(2, 0, 0)",ACAT,4.355644731348007e-06
"(3, 0, 0)",ACAT,3.946885732288537e-06
"(0, 0, 0)",ACAG,3.2939557086485566e-06
"(1, 0, 0)",ACAG,3.946885732288509e-06
"(2, 0, 0)",ACAG,4.355644731348008e-06
"(3, 0, 0)",ACAG,3.946885732288537e-06
"(0, 0, 0)",ACCA,3.666279409370194e-06
"(1, 0, 0)",ACCA,4.4011686810238665e-06
"(2, 0, 0)",ACCA,4.4011686810238665e-06
"(3, 0, 0)",ACCA,2.044929531422488e-05
"(0, 0, 0)",ACCC,0.00026931319234267865
"(1, 0, 0)",ACCC,0.00032330732990843423
"(2, 0, 0)",ACCC,0.00032330732990843423
"(3, 0, 0)",ACCC,0.00033939791396157967
"(0, 0, 0)",ACCT,3.293955708648584e-06
"(1, 0, 0)",ACCT,3.946885732288539e-06
"(2, 0, 0)",ACCT,3.946885732288539e-06
"(3, 0, 0)",ACCT,4.3556447313480094e-06
"(0, 0, 0)",ACCG,3.2939557086485837e-06
"(1, 0, 0)",ACCG,3.94688573228854e-06
"(2, 0, 0)",ACCG,3.94688573228854e-06
"(3, 0, 0)",ACCG,4.35564473134801e-06
"(0, 0, 0)",ACTA,3.87665722012055e-07
"(1, 0, 0)",ACTA,4.7206953279086785e-07
"(2, 0, 0)",ACTA,4.7206953279086785e-07
"(3, 0, 0)",ACTA,4.932982427595586e-07
"(0, 0, 0)",ACTC,3.8766572201205923e-07
"(1, 0, 0)",ACTC,4.720695327909886e-07
"(2, 0, 0)",ACTC,4.932982427595585e-07
"(3, 0, 0)",ACTC,4.7206953279086795e-07
"(0, 0, 0)",ACTT,4.5901858768349794e-07
"(1, 0, 0)",ACTT,4.932982427595592e-07
"(2, 0, 0)",ACTT,4.7206953279098887e-07
"(3, 0, 0)",ACTT,4.7206953279098887e-07
"(0, 0, 0)",ACTG,1.534202129044425e-08
"(1, 0, 0)",ACTG,1.7786584055542656e-08
"(2, 0, 0)",ACTG,1.7786584055542656e-08
"(3, 0, 0)",ACTG,1.7786584055542656e-08
"(0, 0, 0)",ACGA,3.87665722012055e-07
"(1, 0, 0)",ACGA,4.7206953279086785e-07
"(2, 0, 0)",ACGA,4.7206953279086785e-07
"(3, 0, 0)",ACGA,4.932982427595574e-07
"(0, 0, 0)",ACGC,3.876657220120592e-07
"(1, 0, 0)",ACGC,4.7206953279098855e-07
"(2, 0, 0)",ACGC,4.932982427595573e-07
"(3, 0, 0)",ACGC,4.720695327908679e-07
"(0, 0, 0)",ACGT,1.534202129044418e-08
"(1, 0, 0)",ACGT,1.7786584055542662e-08
"(2, 0, 0)",ACGT,1.7786584055542666e-08
"(3, 0, 0)",ACGT,1.778658405554266e-08
"(0, 0, 0)",ACGG,4.5901858768349714e-07
"(1, 0, 0)",ACGG,4.932982427595582e-07
"(2, 0, 0)",ACGG,4.720695327909893e-07
"(3, 0, 0)",ACGG,4.7206953279098913e-07
"(0, 0, 0)",ATAA,0.00026931319234267675
"(1, 0, 0)",ATAA,0.0003233073299084319
"(2, 0, 0)",ATAA,0.00033939791396157967
"(3, 0, 0)",ATAA,0.00032330732990843385
"(0, 0, 0)",ATAC,3.2939557086485574e-06
"(1, 0, 0)",ATAC,3.94688573228851e-06
"(2, 0, 0)",ATAC,4.355644731348008e-06
"(3, 0, 0)",ATAC,3.946885732288537e-06
"(0, 0, 0)",ATAT,3.666279409370173e-06
"(1, 0, 0)",ATAT,4.40116868102396e-06
"(2, 0, 0)",ATAT,2.0449295314224884e-05
"(3, 0, 0)",ATAT,4.401168681023866e-06
"(0, 0, 0)",ATAG,3.2939557086485566e-06
"(1, 0, 0)",ATAG,3.94688573228851e-06
"(2, 0, 0)",ATAG,4.355644731348008e-06
"(3, 0, 0)",ATAG,3.946885732288537e-06
"(0, 0, 0)",ATCA,3.8766572201205494e-07
"(1, 0, 0)",ATCA,4.7206953279086785e-07
"(2, 0, 0)",ATCA,4.7206953279086785e-07
"(3, 0, 0)",ATCA,4.932982427595584e-07
"(0, 0, 0)",ATCC,4.590185876834979e-07
"(1, 0, 0)",ATCC,4.932982427595585e-07
"(2, 0, 0)",ATCC,4.720695327909886e-07
"(3, 0, 0)",ATCC,4.7206953279098887e-07
"(0, 0, 0)",ATCT,3.8766572201205944e-07
"(1, 0, 0)",ATCT,4.7206953279098887e-07
"(2, 0, 0)",ATCT,4.932982427595592e-07
"(3, 0, 0)",ATCT,4.720695327908682e-07
"(0, 0, 0)",ATCG,1.5342021290444242e-08
"(1, 0, 0)",ATCG,1.7786584055542656e-08
"(2, 0, 0)",ATCG,1.7786584055542656e-08
"(3, 0, 0)",ATCG,1.7786584055542652e-08
"(0, 0, 0)",ATTA,3.666279409370191e-06
"(1, 0, 0)",ATTA,4.401168681023869e-06
"(2, 0, 0)",ATTA,4.401168681023869e-06
"(3, 0, 0)",ATTA,2.0449295314224857e-05
"(0, 0, 0)",ATTC,3.293955708648581e-06
"(1, 0, 0)",ATTC,3.946885732288543e-06
"(2, 0, 0)",ATTC,3.946885732288543e-06
"(3, 0, 0)",ATTC,4.355644731348008e-06
"(0, 0, 0)",ATTT,0.0002693131923426785
"(1, 0, 0)",ATTT,0.00032330732990843423
"(2, 0, 0)",ATTT,0.00032330732990843423
"(3, 0, 0)",ATTT,0.00033939791396157934
"(0, 0, 0)",ATTG,3.2939557086485816e-06
"(1, 0, 0)",ATTG,3.9468857322885415e-06
"(2, 0, 0)",ATTG,3.9468857322885415e-06
"(3, 0, 0)",ATTG,4.35564473134801e-06
"(0, 0, 0)",ATGA,3.87665722012055e-07
"(1, 0, 0)",ATGA,4.7206953279086795e-07
"(2, 0, 0)",ATGA,4.7206953279086795e-07
"(3, 0, 0)",ATGA,4.932982427595574e-07
"(0, 0, 0)",ATGC,1.5342021290444176e-08
"(1, 0, 0)",ATGC,1.7786584055542662e-08
"(2, 0, 0)",ATGC,1.7786584055542666e-08
"(3, 0, 0)",ATGC,1.7786584055542656e-08
"(0, 0, 0)",ATGT,3.8766572201205934e-07
"(1, 0, 0)",ATGT,4.7206953279098903e-07
"(2, 0, 0)",ATGT,4.932982427595575e-07
"(3, 0, 0)",ATGT,4.7206953279086795e-07
"(0, 0, 0)",ATGG,4.590185876834975e-07
"(1, 0, 0)",ATGG,4.93298242759558e-07
"(2, 0, 0)",ATGG,4.720695327909892e-07
"(3, 0, 0)",ATGG,4.720695327909891e-07
"(0, 0, 0)",AGAA,0.00026931319234267675
"(1, 0, 0)",AGAA,0.0003233073299084319
"(2, 0, 0)",AGAA,0.00033939791396157967
"(3, 0, 0)",AGAA,0.00032330732990843385
"(0, 0, 0)",AGAC,3.2939557086485574e-06
"(1, 0, 0)",AGAC,3.94688573228851e-06
"(2, 0, 0)",AGAC,4.355644731348008e-06
"(3, 0, 0)",AGAC,3.946885732288537e-06
"(0, 0, 0)",AGAT,3.293955708648557e-06
"(1, 0, 0)",AGAT,3.94688573228851e-06
"(2, 0, 0)",AGAT,4.355644731348008e-06
"(3, 0, 0)",AGAT,3.946885732288537e-06
"(0, 0, 0)",AGAG,3.6662794093701726e-06
"(1, 0, 0)",AGAG,4.40116868102396e-06
"(2, 0, 0)",AGAG,2.0449295314224884e-05
"(3, 0, 0)",AGAG,4.401168681023866e-06
"(0, 0, 0)",AGCA,3.8766572201205494e-07
"(1, 0, 0)",AGCA,4.7206953279086785e-07
"(2, 0, 0)",AGCA,4.7206953279086785e-07
"(3, 0, 0)",AGCA,4.932982427595573e-07
"(0, 0, 0)",AGCC,4.5901858768349783e-07
"(1, 0, 0)",AGCC,4.932982427595573e-07
"(2, 0, 0)",AGCC,4.7206953279098855e-07
"(3, 0, 0)",AGCC,4.720695327909889e-07
"(0, 0, 0)",AGCT,1.5342021290444196e-08
"(1, 0, 0)",AGCT,1.7786584055542666e-08
"(2, 0, 0)",AGCT,1.7786584055542662e-08
"(3, 0, 0)",AGCT,1.7786584055542662e-08
"(0, 0, 0)",AGCG,3.8766572201205976e-07
"(1, 0, 0)",AGCG,4.720695327909893e-07
"(2, 0, 0)",AGCG,4.932982427595582e-07
"(3, 0, 0)",AGCG,4.720695327908683e-07
"(0, 0, 0)",AGTA,3.87665722012055e-07
"(1, 0, 0)",AGTA,4.7206953279086795e-07
"(2, 0, 0)",AGTA,4.7206953279086795e-07
"(3, 0, 0)",AGTA,4.932982427595574e-07
"(0, 0, 0)",AGTC,1.53420212904442e-08
"(1, 0, 0)",AGTC,1.7786584055542666e-08
"(2, 0, 0)",AGTC,1.7786584055542662e-08
"(3, 0, 0)",AGTC,1.7786584055542656e-08
"(0, 0, 0)",AGTT,4.590185876834975e-07
"(1, 0, 0)",AGTT,4.932982427595575e-07
"(2, 0, 0)",AGTT,4.7206953279098903e-07
"(3, 0, 0)",AGTT,4.7206953279098924e-07
"(0, 0, 0)",AGTG,3.876657220120597e-07
"(1, 0, 0)",AGTG,4.720695327909892e-07
"(2, 0, 0)",AGTG,4.93298242759558e-07
"(3, 0, 0)",AGTG,4.7206953279086827e-07
"(0, 0, 0)",AGGA,3.6662794093701874e-06
"(1, 0, 0)",AGGA,4.40116868102387e-06
"(2, 0, 0)",AGGA,4.40116868102387e-06
"(3, 0, 0)",AGGA,2.0449295314224843e-05
"(0, 0, 0)",AGGC,3.293955708648579e-06
"(1, 0, 0)",AGGC,3.946885732288545e-06
"(2, 0, 0)",AGGC,3.946885732288545e-06
"(3, 0, 0)",AGGC,4.3556447313480094e-06
"(0, 0, 0)",AGGT,3.2939557086485786e-06
"(1, 0, 0)",AGGT,3.946885732288544e-06
"(2, 0, 0)",AGGT,3.946885732288544e-06
"(3, 0, 0)",AGGT,4.355644731348008e-06
"(0, 0, 0)",AGGG,0.0002693131923426782
"(1, 0, 0)",AGGG,0.00032330732990843423
"(2, 0, 0)",AGGG,0.00032330732990843423
"(3, 0, 0)",AGGG,0.00033939791396157907
"(0, 0, 0)",CAAA,0.00026931319234267946
"(1, 0, 0)",CAAA,0.00032330732990843385
"(2, 0, 0)",CAAA,0.00032330732990843385
"(3, 0, 0)",CAAA,0.0003393979139615796
"(0, 0, 0)",CAAC,3.6662794093702022e-06
"(1, 0, 0)",CAAC,4.401168681023866e-06
"(2, 0, 0)",CAAC,4.401168681023866e-06
"(3, 0, 0)",CAAC,2.0449295314224887e-05
"(0, 0, 0)",CAAT,3.2939557086485905e-06
"(1, 0, 0)",CAAT,3.946885732288537e-06
"(2, 0, 0)",CAAT,3.946885732288537e-06
"(3, 0, 0)",CAAT,4.355644731348007e-06
"(0, 0, 0)",CAAG,3.29395570864859e-06
"(1, 0, 0)",CAAG,3.946885732288537e-06
"(2, 0, 0)",CAAG,3.946885732288537e-06
"(3, 0, 0)",CAAG,4.355644731348008e-06
"(0, 0, 0)",CACA,3.6662794093701688e-06
"(1, 0, 0)",CACA,4.401168681023965e-06
"(2, 0, 0)",CACA,2.044929531422488e-05
"(3, 0, 0)",CACA,4.4011686810238665e-06
"(0, 0, 0)",CACC,0.0002693131923426762
"(1, 0, 0)",CACC,0.0003233073299084323
"(2, 0, 0)",CACC,0.00033939791396157967
"(3, 0, 0)",CACC,0.00032330732990843423
"(0, 0, 0)",CACT,3.2939557086485557e-06
"(1, 0, 0)",CACT,3.946885732288515e-06
"(2, 0, 0)",CACT,4.3556447313480094e-06
"(3, 0, 0)",CACT,3.946885732288539e-06
"(0, 0, 0)",CACG,3.2939557086485553e-06
"(1, 0, 0)",CACG,3.946885732288516e-06
"(2, 0, 0)",CACG,4.35564473134801e-06
"(3, 0, 0)",CACG,3.94688573228854e-06
"(0, 0, 0)",CATA,3.8766572201205875e-07
"(1, 0, 0)",CATA,4.720695327909886e-07
"(2, 0, 0)",CATA,4.932982427595586e-07
"(3, 0, 0)",CATA,4.7206953279086785e-07
"(0, 0, 0)",CATC,3.8766572201205616e-07
"(1, 0, 0)",CATC,4.7206953279086827e-07
"(2, 0, 0)",CATC,4.7206953279086795e-07
"(3, 0, 0)",CATC,4.932982427595585e-07
"(0, 0, 0)",CATT,4.5901858768349847e-07
"(1, 0, 0)",CATT,4.932982427595592e-07
"(2, 0, 0)",CATT,4.7206953279098887e-07
"(3, 0, 0)",CATT,4.7206953279098887e-07
"(0, 0, 0)",CATG,1.5342021290444202e-08
"(1, 0, 0)",CATG,1.778658405554266e-08
"(2, 0, 0)",CATG,1.7786584055542656e-08
"(3, 0, 0)",CATG,1.7786584055542656e-08
"(0, 0, 0)",CAGA,3.8766572201205875e-07
"(1, 0, 0)",CAGA,4.720695327909886e-07
"(2, 0, 0)",CAGA,4.932982427595574e-07
"(3, 0, 0)",CAGA,4.7206953279086785e-07
"(0, 0, 0)",CAGC,3.876657220120561e-07
"(1, 0, 0)",CAGC,4.720695327908682e-07
"(2, 0, 0)",CAGC,4.720695327908679e-07
"(3, 0, 0)",CAGC,4.932982427595573e-07
"(0, 0, 0)",CAGT,1.5342021290444133e-08
"(1, 0, 0)",CAGT,1.7786584055542662e-08
"(2, 0, 0)",CAGT,1.778658405554266e-08
"(3, 0, 0)",CAGT,1.7786584055542666e-08
"(0, 0, 0)",CAGG,4.590185876834975e-07
"(1, 0, 0)",CAGG,4.93298242759558e-07
"(2, 0, 0)",CAGG,4.7206953279098913e-07
"(3, 0, 0)",CAGG,4.720695327909893e-07
"(0, 0, 0)",CCAA,6.914846417243871e-05
"(1, 0, 0)",CCAA,2.044929531422488e-05
"(2, 0, 0)",CCAA,4.401168681023965e-06
"(3, 0, 0)",CCAA,4.401168681023965e-06
"(0, 0, 0)",CCAC,0.0003349380828370768
"(1, 0, 0)",CCAC,0.00033939791396157967
"(2, 0, 0)",CCAC,0.0003233073299084323
"(3, 0, 0)",CCAC,0.0003233073299084323
"(0, 0, 0)",CCAT,4.966246365512479e-06
"(1, 0, 0)",CCAT,4.3556447313480094e-06
"(2, 0, 0)",CCAT,3.946885732288515e-06
"(3, 0, 0)",CCAT,3.946885732288515e-06
"(0, 0, 0)",CCAG,4.966246365512479e-06
"(1, 0, 0)",CCAG,4.35564473134801e-06
"(2, 0, 0)",CCAG,3.946885732288516e-06
"(3, 0, 0)",CCAG,3.946885732288516e-06
"(0, 0, 0)",CCCA,0.0029106372455567795
"(1, 0, 0)",CCCA,0.0029029746146940604
"(2, 0, 0)",CCCA,0.0029029746146940604
"(3, 0, 0)",CCCA,0.0029029746146940604
"(0, 0, 0)",CCCC,0.2383411286927739
"(1, 0, 0)",CCCC,0.23816305569602308
"(2, 0, 0)",CCCC,0.23816305569602308
"(3, 0, 0)",CCCC,0.23816305569602308
"(0, 0, 0)",CCCT,0.002910637245556779
"(1, 0, 0)",CCCT,0.0029029746146940604
"(2, 0, 0)",CCCT,0.0029029746146940604
"(3, 0, 0)",CCCT,0.0029029746146940604
"(0, 0, 0)",CCCG,0.0029106372455567795
"(1, 0, 0)",CCCG,0.00290297461469406
"(2, 0, 0)",CCCG,0.00290297461469406
"(3, 0, 0)",CCCG,0.00290297461469406
"(0, 0, 0)",CCTA,4.966246365512477e-06
"(1, 0, 0)",CCTA,4.355644731348008e-06
"(2, 0, 0)",CCTA,3.94688573228851e-06
"(3, 0, 0)",CCTA,3.94688573228851e-06
"(0, 0, 0)",CCTC,0.0003349380828370764
"(1, 0, 0)",CCTC,0.00033939791396157967
"(2, 0, 0)",CCTC,0.00032330732990843206
"(3, 0, 0)",CCTC,0.00032330732990843206
"(0, 0, 0)",CCTT,6.91484641724385e-05
"(1, 0, 0)",CCTT,2.0449295314224877e-05
"(2, 0, 0)",CCTT,4.401168681023959e-06
"(3, 0, 0)",CCTT,4.401168681023959e-06
"(0, 0, 0)",CCTG,4.966246365512484e-06
"(1, 0, 0)",CCTG,4.355644731348011e-06
"(2, 0, 0)",CCTG,3.946885732288512e-06
"(3, 0, 0)",CCTG,3.946885732288512e-06
"(0, 0, 0)",CCGA,4.966246365512477e-06
"(1, 0, 0)",CCGA,4.355644731348007e-06
"(2, 0, 0)",CCGA,3.94688573228851e-06
"(3, 0, 0)",CCGA,3.94688573228851e-06
"(0, 0, 0)",CCGC,0.00033493808283707635
"(1, 0, 0)",CCGC,0.0003393979139615796
"(2, 0, 0)",CCGC,0.000323307329908432
"(3, 0, 0)",CCGC,0.000323307329908432
"(0, 0, 0)",CCGT,4.966246365512484e-06
"(1, 0, 0)",CCGT,4.3556447313480094e-06
"(2, 0, 0)",CCGT,3.94688573228851e-06
"(3, 0, 0)",CCGT,3.94688573228851e-06
"(0, 0, 0)",CCGG,6.914846417243849e-05
"(1, 0, 0)",CCGG,2.0449295314224873e-05
"(2, 0, 0)",CCGG,4.401168681023959e-06
"(3, 0, 0)",CCGG,4.401168681023959e-06
"(0, 0, 0)",CTAA,4.590185876834976e-07
"(1, 0, 0)",CTAA,4.932982427595586e-07
"(2, 0, 0)",CTAA,4.720695327909886e-07
"(3, 0, 0)",CTAA,4.7206953279098855e-07
"(0, 0, 0)",CTAC,3.8766572201205457e-07
"(1, 0, 0)",CTAC,4.7206953279086795e-07
"(2, 0, 0)",CTAC,4.7206953279086827e-07
"(3, 0, 0)",CTAC,4.932982427595589e-07
"(0, 0, 0)",CTAT,3.8766572201205944e-07
"(1, 0, 0)",CTAT,4.7206953279098887e-07
"(2, 0, 0)",CTAT,4.932982427595592e-07
"(3, 0, 0)",CTAT,4.720695327908682e-07
"(0, 0, 0)",CTAG,1.534202129044422e-08
"(1, 0, 0)",CTAG,1.7786584055542656e-08
"(2, 0, 0)",CTAG,1.778658405554266e-08
"(3, 0, 0)",CTAG,1.778658405554265e-08
"(0, 0, 0)",CTCA,3.2939557086485507e-06
"(1, 0, 0)",CTCA,3.94688573228851e-06
"(2, 0, 0)",CTCA,4.355644731348008e-06
"(3, 0, 0)",CTCA,3.946885732288541e-06
"(0, 0, 0)",CTCC,0.0002693131923426763
"(1, 0, 0)",CTCC,0.00032330732990843206
"(2, 0, 0)",CTCC,0.00033939791396157967
"(3, 0, 0)",CTCC,0.00032330732990843407
"(0, 0, 0)",CTCT,3.666279409370167e-06
"(1, 0, 0)",CTCT,4.401168681023959e-06
"(2, 0, 0)",CTCT,2.0449295314224877e-05
"(3, 0, 0)",CTCT,4.401168681023868e-06
"(0, 0, 0)",CTCG,3.2939557086485515e-06
"(1, 0, 0)",CTCG,3.946885732288512e-06
"(2, 0, 0)",CTCG,4.355644731348011e-06
"(3, 0, 0)",CTCG,3.946885732288541e-06
"(0, 0, 0)",CTTA,3.293955708648581e-06
"(1, 0, 0)",CTTA,3.946885732288542e-06
"(2, 0, 0)",CTTA,3.946885732288542e-06
"(3, 0, 0)",CTTA,4.355644731348006e-06
"(0, 0, 0)",CTTC,3.666279409370193e-06
"(1, 0, 0)",CTTC,4.401168681023869e-06
"(2, 0, 0)",CTTC,4.401168681023869e-06
"(3, 0, 0)",CTTC,2.0449295314224863e-05
"(0, 0, 0)",CTTT,0.0002693131923426785
"(1, 0, 0)",CTTT,0.0003233073299084342
"(2, 0, 0)",CTTT,0.0003233073299084342
"(3, 0, 0)",CTTT,0.0003393979139615793
"(0, 0, 0)",CTTG,3.293955708648582e-06
"(1, 0, 0)",CTTG,3.9468857322885415e-06
"(2, 0, 0)",CTTG,3.9468857322885415e-06
"(3, 0, 0)",CTTG,4.3556447313480094e-06
"(0, 0, 0)",CTGA,1.5342021290444153e-08
"(1, 0, 0)",CTGA,1.7786584055542646e-08
"(2, 0, 0)",CTGA,1.778658405554265e-08
"(3, 0, 0)",CTGA,1.7786584055542646e-08
"(0, 0, 0)",CTGC,3.8766572201205457e-07
"(1, 0, 0)",CTGC,4.72069532790868e-07
"(2, 0, 0)",CTGC,4.72069532790868e-07
"(3, 0, 0)",CTGC,4.932982427595577e-07
"(0, 0, 0)",CTGT,3.876657220120593e-07
"(1, 0, 0)",CTGT,4.720695327909889e-07
"(2, 0, 0)",CTGT,4.932982427595574e-07
"(3, 0, 0)",CTGT,4.720695327908679e-07
"(0, 0, 0)",CTGG,4.590185876834975e-07
"(1, 0, 0)",CTGG,4.932982427595579e-07
"(2, 0, 0)",CTGG,4.7206953279098903e-07
"(3, 0, 0)",CTGG,4.7206953279098913e-07
"(0, 0, 0)",CGAA,4.5901858768349757e-07
"(1, 0, 0)",CGAA,4.932982427595574e-07
"(2, 0, 0)",CGAA,4.720695327909886e-07
"(3, 0, 0)",CGAA,4.7206953279098855e-07
"(0, 0, 0)",CGAC,3.876657220120545e-07
"(1, 0, 0)",CGAC,4.720695327908679e-07
"(2, 0, 0)",CGAC,4.720695327908682e-07
"(3, 0, 0)",CGAC,4.932982427595578e-07
"(0, 0, 0)",CGAT,1.5342021290444173e-08
"(1, 0, 0)",CGAT,1.778658405554266e-08
"(2, 0, 0)",CGAT,1.7786584055542662e-08
"(3, 0, 0)",CGAT,1.7786584055542662e-08
"(0, 0, 0)",CGAG,3.876657220120596e-07
"(1, 0, 0)",CGAG,4.7206953279098913e-07
"(2, 0, 0)",CGAG,4.93298242759558e-07
"(3, 0, 0)",CGAG,4.720695327908683e-07
"(0, 0, 0)",CGCA,3.29395570864855e-06
"(1, 0, 0)",CGCA,3.94688573228851e-06
"(2, 0, 0)",CGCA,4.355644731348007e-06
"(3, 0, 0)",CGCA,3.9468857322885415e-06
"(0, 0, 0)",CGCC,0.00026931319234267627
"(1, 0, 0)",CGCC,0.000323307329908432
"(2, 0, 0)",CGCC,0.0003393979139615796
"(3, 0, 0)",CGCC,0.0003233073299084341
"(0, 0, 0)",CGCT,3.293955708648551e-06
"(1, 0, 0)",CGCT,3.94688573228851e-06
"(2, 0, 0)",CGCT,4.3556447313480094e-06
"(3, 0, 0)",CGCT,3.946885732288541e-06
"(0, 0, 0)",CGCG,3.666279409370167e-06
"(1, 0, 0)",CGCG,4.401168681023959e-06
"(2, 0, 0)",CGCG,2.0449295314224873e-05
"(3, 0, 0)",CGCG,4.40116868102387e-06
"(0, 0, 0)",CGTA,1.5342021290444173e-08
"(1, 0, 0)",CGTA,1.778658405554265e-08
"(2, 0, 0)",CGTA,1.7786584055542646e-08
"(3, 0, 0)",CGTA,1.778658405554265e-08
"(0, 0, 0)",CGTC,3.8766572201205457e-07
"(1, 0, 0)",CGTC,4.72069532790868e-07
"(2, 0, 0)",CGTC,4.72069532790868e-07
"(3, 0, 0)",CGTC,4.932982427595577e-07
"(0, 0, 0)",CGTT,4.590185876834975e-07
"(1, 0, 0)",CGTT,4.932982427595574e-07
"(2, 0, 0)",CGTT,4.720695327909889e-07
"(3, 0, 0)",CGTT,4.720695327909892e-07
"(0, 0, 0)",CGTG,3.876657220120596e-07
"(1, 0, 0)",CGTG,4.7206953279098903e-07
"(2, 0, 0)",CGTG,4.932982427595579e-07
"(3, 0, 0)",CGTG,4.7206953279086827e-07
"(0, 0, 0)",CGGA,3.293955708648578e-06
"(1, 0, 0)",CGGA,3.946885732288542e-06
"(2, 0, 0)",CGGA,3.946885732288542e-06
"(3, 0, 0)",CGGA,4.355644731348008e-06
"(0, 0, 0)",CGGC,3.6662794093701887e-06
"(1, 0, 0)",CGGC,4.40116868102387e-06
"(2, 0, 0)",CGGC,4.40116868102387e-06
"(3, 0, 0)",CGGC,2.044929531422485e-05
"(0, 0, 0)",CGGT,3.293955708648578e-06
"(1, 0, 0)",CGGT,3.946885732288542e-06
"(2, 0, 0)",CGGT,3.946885732288542e-06
"(3, 0, 0)",CGGT,4.355644731348008e-06
"(0, 0, 0)",CGGG,0.0002693131923426782
"(1, 0, 0)",CGGG,0.0003233073299084341
"(2, 0, 0)",CGGG,0.0003233073299084341
"(3, 0, 0)",CGGG,0.00033939791396157907
"(0, 0, 0)",TAAA,0.0002693131923426795
"(1, 0, 0)",TAAA,0.00032330732990843385
"(2, 0, 0)",TAAA,0.00032330732990843385
"(3, 0, 0)",TAAA,0.00033939791396157967
"(0, 0, 0)",TAAC,3.2939557086485913e-06
"(1, 0, 0)",TAAC,3.946885732288537e-06
"(2, 0, 0)",TAAC,3.946885732288537e-06
"(3, 0, 0)",TAAC,4.355644731348008e-06
"(0, 0, 0)",TAAT,3.6662794093702026e-06
"(1, 0, 0)",TAAT,4.401168681023866e-06
"(2, 0, 0)",TAAT,4.401168681023866e-06
"(3, 0, 0)",TAAT,2.0449295314224884e-05
"(0, 0, 0)",TAAG,3.2939557086485905e-06
"(1, 0, 0)",TAAG,3.946885732288537e-06
"(2, 0, 0)",TAAG,3.946885732288537e-06
"(3, 0, 0)",TAAG,4.355644731348008e-06
"(0, 0, 0)",TACA,3.876657220120588e-07
"(1, 0, 0)",TACA,4.7206953279098855e-07
"(2, 0, 0)",TACA,4.932982427595584e-07
"(3, 0, 0)",TACA,4.7206953279086785e-07
"(0, 0, 0)",TACC,4.590185876834982e-07
"(1, 0, 0)",TACC,4.932982427595589e-07
"(2, 0, 0)",TACC,4.7206953279098887e-07
"(3, 0, 0)",TACC,4.720695327909886e-07
"(0, 0, 0)",TACT,3.876657220120559e-07
"(1, 0, 0)",TACT,4.720695327908682e-07
"(2, 0, 0)",TACT,4.720695327908682e-07
"(3, 0, 0)",TACT,4.932982427595592e-07
"(0, 0, 0)",TACG,1.5342021290444202e-08
"(1, 0, 0)",TACG,1.778658405554265e-08
"(2, 0, 0)",TACG,1.7786584055542652e-08
"(3, 0, 0)",TACG,1.7786584055542656e-08
"(0, 0, 0)",TATA,3.6662794093701654e-06
"(1, 0, 0)",TATA,4.401168681023963e-06
"(2, 0, 0)",TATA,2.0449295314224857e-05
"(3, 0, 0)",TATA,4.401168681023869e-06
"(0, 0, 0)",TATC,3.2939557086485507e-06
"(1, 0, 0)",TATC,3.946885732288516e-06
"(2, 0, 0)",TATC,4.355644731348008e-06
"(3, 0, 0)",TATC,3.946885732288543e-06
"(0, 0, 0)",TATT,0.0002693131923426759
"(1, 0, 0)",TATT,0.0003233073299084322
"(2, 0, 0)",TATT,0.00033939791396157934
"(3, 0, 0)",TATT,0.00032330732990843423
"(0, 0, 0)",TATG,3.293955708648551e-06
"(1, 0, 0)",TATG,3.946885732288517e-06
"(2, 0, 0)",TATG,4.35564473134801e-06
"(3, 0, 0)",TATG,3.9468857322885415e-06
"(0, 0, 0)",TAGA,3.8766572201205886e-07
"(1, 0, 0)",TAGA,4.720695327909886e-07
"(2, 0, 0)",TAGA,4.932982427595574e-07
"(3, 0, 0)",TAGA,4.7206953279086795e-07
"(0, 0, 0)",TAGC,1.5342021290444156e-08
"(1, 0, 0)",TAGC,1.7786584055542656e-08
"(2, 0, 0)",TAGC,1.7786584055542656e-08
"(3, 0, 0)",TAGC,1.7786584055542666e-08
"(0, 0, 0)",TAGT,3.876657220120559e-07
"(1, 0, 0)",TAGT,4.7206953279086827e-07
"(2, 0, 0)",TAGT,4.7206953279086795e-07
"(3, 0, 0)",TAGT,4.932982427595575e-07
"(0, 0, 0)",TAGG,4.5901858768349783e-07
"(1, 0, 0)",TAGG,4.932982427595579e-07
"(2, 0, 0)",TAGG,4.720695327909891e-07
"(3, 0, 0)",TAGG,4.720695327909892e-07
"(0, 0, 0)",TCAA,4.5901858768349767e-07
"(1, 0, 0)",TCAA,4.932982427595584e-07
"(2, 0, 0)",TCAA,4.7206953279098855e-07
"(3, 0, 0)",TCAA,4.720695327909886e-07
"(0, 0, 0)",TCAC,3.8766572201205897e-07
"(1, 0, 0)",TCAC,4.7206953279098887e-07
"(2, 0, 0)",TCAC,4.932982427595589e-07
"(3, 0, 0)",TCAC,4.7206953279086827e-07
"(0, 0, 0)",TCAT,3.87665722012056e-07
"(1, 0, 0)",TCAT,4.720695327908682e-07
"(2, 0, 0)",TCAT,4.720695327908682e-07
"(3, 0, 0)",TCAT,4.932982427595592e-07
"(0, 0, 0)",TCAG,1.5342021290444212e-08
"(1, 0, 0)",TCAG,1.7786584055542652e-08
"(2, 0, 0)",TCAG,1.778658405554265e-08
"(3, 0, 0)",TCAG,1.778658405554266e-08
"(0, 0, 0)",TCCA,3.2939557086485875e-06
"(1, 0, 0)",TCCA,3.946885732288541e-06
"(2, 0, 0)",TCCA,3.946885732288541e-06
"(3, 0, 0)",TCCA,4.355644731348008e-06
"(0, 0, 0)",TCCC,0.0002693131923426793
"(1, 0, 0)",TCCC,0.00032330732990843407
"(2, 0, 0)",TCCC,0.00032330732990843407
"(3, 0, 0)",TCCC,0.00033939791396157967
"(0, 0, 0)",TCCT,3.6662794093702e-06
"(1, 0, 0)",TCCT,4.401168681023868e-06
"(2, 0, 0)",TCCT,4.401168681023868e-06
"(3, 0, 0)",TCCT,2.0449295314224877e-05
"(0, 0, 0)",TCCG,3.293955708648588e-06
"(1, 0, 0)",TCCG,3.946885732288541e-06
"(2, 0, 0)",TCCG,3.946885732288541e-06
"(3, 0, 0)",TCCG,4.355644731348011e-06
"(0, 0, 0)",TCTA,3.2939557086485502e-06
"(1, 0, 0)",TCTA,3.946885732288515e-06
"(2, 0, 0)",TCTA,4.355644731348006e-06
"(3, 0, 0)",TCTA,3.946885732288542e-06
"(0, 0, 0)",TCTC,3.666279409370166e-06
"(1, 0, 0)",TCTC,4.401168681023964e-06
"(2, 0, 0)",TCTC,2.0449295314224863e-05
"(3, 0, 0)",TCTC,4.401168681023869e-06
"(0, 0, 0)",TCTT,0.0002693131923426759
"(1, 0, 0)",TCTT,0.00032330732990843217
"(2, 0, 0)",TCTT,0.0003393979139615793
"(3, 0, 0)",TCTT,0.0003233073299084342
"(0, 0, 0)",TCTG,3.293955708648551e-06
"(1, 0, 0)",TCTG,3.946885732288516e-06
"(2, 0, 0)",TCTG,4.3556447313480094e-06
"(3, 0, 0)",TCTG,3.9468857322885415e-06
"(0, 0, 0)",TCGA,1.5342021290444146e-08
"(1, 0, 0)",TCGA,1.7786584055542646e-08
"(2, 0, 0)",TCGA,1.7786584055542646e-08
"(3, 0, 0)",TCGA,1.778658405554265e-08
"(0, 0, 0)",TCGC,3.8766572201205886e-07
"(1, 0, 0)",TCGC,4.72069532790989e-07
"(2, 0, 0)",TCGC,4.932982427595577e-07
"(3, 0, 0)",TCGC,4.72069532790868e-07
"(0, 0, 0)",TCGT,3.876657220120559e-07
"(1, 0, 0)",TCGT,4.720695327908682e-07
"(2, 0, 0)",TCGT,4.720695327908679e-07
"(3, 0, 0)",TCGT,4.932982427595574e-07
"(0, 0, 0)",TCGG,4.590185876834979e-07
"(1, 0, 0)",TCGG,4.932982427595579e-07
"(2, 0, 0)",TCGG,4.7206953279098913e-07
"(3, 0, 0)",TCGG,4.7206953279098903e-07
"(0, 0, 0)",TTAA,6.914846417243856e-05
"(1, 0, 0)",TTAA,2.0449295314224857e-05
"(2, 0, 0)",TTAA,4.401168681023963e-06
"(3, 0, 0)",TTAA,4.401168681023963e-06
"(0, 0, 0)",TTAC,4.9662463655124815e-06
"(1, 0, 0)",TTAC,4.355644731348008e-06
"(2, 0, 0)",TTAC,3.946885732288516e-06
"(3, 0, 0)",TTAC,3.946885732288516e-06
"(0, 0, 0)",TTAT,0.0003349380828370765
"(1, 0, 0)",TTAT,0.00033939791396157934
"(2, 0, 0)",TTAT,0.0003233073299084322
"(3, 0, 0)",TTAT,0.0003233073299084322
"(0, 0, 0)",TTAG,4.966246365512487e-06
"(1, 0, 0)",TTAG,4.35564473134801e-06
"(2, 0, 0)",TTAG,3.946885732288517e-06
"(3, 0, 0)",TTAG,3.946885732288517e-06
"(0, 0, 0)",TTCA,4.96624636551248e-06
"(1, 0, 0)",TTCA,4.355644731348006e-06
"(2, 0, 0)",TTCA,3.946885732288515e-06
"(3, 0, 0)",TTCA,3.946885732288515e-06
"(0, 0, 0)",TTCC,6.914846417243855e-05
"(1, 0, 0)",TTCC,2.0449295314224863e-05
"(2, 0, 0)",TTCC,4.401168681023964e-06
"(3, 0, 0)",TTCC,4.401168681023964e-06
"(0, 0, 0)",TTCT,0.00033493808283707646
"(1, 0, 0)",TTCT,0.0003393979139615793
"(2, 0, 0)",TTCT,0.00032330732990843217
"(3, 0, 0)",TTCT,0.00032330732990843217
"(0, 0, 0)",TTCG,4.966246365512486e-06
"(1, 0, 0)",TTCG,4.3556447313480094e-06
"(2, 0, 0)",TTCG,3.946885732288516e-06
"(3, 0, 0)",TTCG,3.946885732288516e-06
"(0, 0, 0)",TTTA,0.002910637245556784
"(1, 0, 0)",TTTA,0.0029029746146940595
"(2, 0, 0)",TTTA,0.0029029746146940595
"(3, 0, 0)",TTTA,0.0029029746146940595
"(0, 0, 0)",TTTC,0.0029106372455567843
"(1, 0, 0)",TTTC,0.00290297461469406
"(2, 0, 0)",TTTC,0.00290297461469406
"(3, 0, 0)",TTTC,0.00290297461469406
"(0, 0, 0)",TTTT,0.23834112869277396
"(1, 0, 0)",TTTT,0.2381630556960232
"(2, 0, 0)",TTTT,0.2381630556960232
"(3, 0, 0)",TTTT,0.2381630556960232
"(0, 0, 0)",TTTG,0.0029106372455567834
"(1, 0, 0)",TTTG,0.002902974614694059
"(2, 0, 0)",TTTG,0.002902974614694059
"(3, 0, 0)",TTTG,0.002902974614694059
"(0, 0, 0)",TTGA,4.966246365512484e-06
"(1, 0, 0)",TTGA,4.355644731348008e-06
"(2, 0, 0)",TTGA,3.946885732288511e-06
"(3, 0, 0)",TTGA,3.946885732288511e-06
"(0, 0, 0)",TTGC,4.966246365512485e-06
"(1, 0, 0)",TTGC,4.355644731348009e-06
"(2, 0, 0)",TTGC,3.946885732288512e-06
"(3, 0, 0)",TTGC,3.946885732288512e-06
"(0, 0, 0)",TTGT,0.0003349380828370761
"(1, 0, 0)",TTGT,0.00033939791396157923
"(2, 0, 0)",TTGT,0.00032330732990843184
"(3, 0, 0)",TTGT,0.00032330732990843184
"(0, 0, 0)",TTGG,6.914846417243832e-05
"(1, 0, 0)",TTGG,2.0449295314224853e-05
"(2, 0, 0)",TTGG,4.401168681023957e-06
"(3, 0, 0)",TTGG,4.401168681023957e-06
"(0, 0, 0)",TGAA,4.590185876834977e-07
"(1, 0, 0)",TGAA,4.932982427595574e-07
"(2, 0, 0)",TGAA,4.720695327909886e-07
"(3, 0, 0)",TGAA,4.720695327909886e-07
"(0, 0, 0)",TGAC,1.5342021290444202e-08
"(1, 0, 0)",TGAC,1.7786584055542656e-08
"(2, 0, 0)",TGAC,1.7786584055542656e-08
"(3, 0, 0)",TGAC,1.7786584055542662e-08
"(0, 0, 0)",TGAT,3.876657220120543e-07
"(1, 0, 0)",TGAT,4.7206953279086795e-07
"(2, 0, 0)",TGAT,4.7206953279086827e-07
"(3, 0, 0)",TGAT,4.932982427595579e-07
"(0, 0, 0)",TGAG,3.876657220120597e-07
"(1, 0, 0)",TGAG,4.720695327909891e-07
"(2, 0, 0)",TGAG,4.932982427595579e-07
"(3, 0, 0)",TGAG,4.7206953279086827e-07
"(0, 0, 0)",TGCA,1.5342021290444192e-08
"(1, 0, 0)",TGCA,1.7786584055542646e-08
"(2, 0, 0)",TGCA,1.7786584055542646e-08
"(3, 0, 0)",TGCA,1.7786584055542646e-08
"(0, 0, 0)",TGCC,4.5901858768349746e-07
"(1, 0, 0)",TGCC,4.932982427595577e-07
"(2, 0, 0)",TGCC,4.72069532790989e-07
"(3, 0, 0)",TGCC,4.720695327909891e-07
"(0, 0, 0)",TGCT,3.8766572201205425e-07
"(1, 0, 0)",TGCT,4.720695327908679e-07
"(2, 0, 0)",TGCT,4.720695327908682e-07
"(3, 0, 0)",TGCT,4.932982427595579e-07
"(0, 0, 0)",TGCG,3.876657220120597e-07
"(1, 0, 0)",TGCG,4.7206953279098913e-07
"(2, 0, 0)",TGCG,4.932982427595579e-07
"(3, 0, 0)",TGCG,4.7206953279086827e-07
"(0, 0, 0)",TGTA,3.293955708648546e-06
"(1, 0, 0)",TGTA,3.946885732288511e-06
"(2, 0, 0)",TGTA,4.355644731348008e-06
"(3, 0, 0)",TGTA,3.946885732288543e-06
"(0, 0, 0)",TGTC,3.293955708648546e-06
"(1, 0, 0)",TGTC,3.946885732288512e-06
"(2, 0, 0)",TGTC,4.355644731348009e-06
"(3, 0, 0)",TGTC,3.946885732288543e-06
"(0, 0, 0)",TGTT,0.00026931319234267594
"(1, 0, 0)",TGTT,0.00032330732990843184
"(2, 0, 0)",TGTT,0.00033939791396157923
"(3, 0, 0)",TGTT,0.000323307329908434
"(0, 0, 0)",TGTG,3.6662794093701624e-06
"(1, 0, 0)",TGTG,4.401168681023957e-06
"(2, 0, 0)",TGTG,2.0449295314224853e-05
"(3, 0, 0)",TGTG,4.401168681023871e-06
"(0, 0, 0)",TGGA,3.293955708648579e-06
"(1, 0, 0)",TGGA,3.946885732288542e-06
"(2, 0, 0)",TGGA,3.946885732288542e-06
"(3, 0, 0)",TGGA,4.355644731348008e-06
"(0, 0, 0)",TGGC,3.29395570864858e-06
"(1, 0, 0)",TGGC,3.946885732288543e-06
"(2, 0, 0)",TGGC,3.946885732288543e-06
"(3, 0, 0)",TGGC,4.355644731348008e-06
"(0, 0, 0)",TGGT,3.6662794093701908e-06
"(1, 0, 0)",TGGT,4.401168681023869e-06
"(2, 0, 0)",TGGT,4.401168681023869e-06
"(3, 0, 0)",TGGT,2.0449295314224846e-05
"(0, 0, 0)",TGGG,0.00026931319234267827
"(1, 0, 0)",TGGG,0.0003233073299084341
"(2, 0, 0)",TGGG,0.0003233073299084341
"(3, 0, 0)",TGGG,0.000339397913961579
"(0, 0, 0)",GAAA,0.00026931319234267946
"(1, 0, 0)",GAAA,0.00032330732990843385
"(2, 0, 0)",GAAA,0.00032330732990843385
"(3, 0, 0)",GAAA,0.00033939791396157967
"(0, 0, 0)",GAAC,3.2939557086485905e-06
"(1, 0, 0)",GAAC,3.946885732288537e-06
"(2, 0, 0)",GAAC,3.946885732288537e-06
"(3, 0, 0)",GAAC,4.355644731348008e-06
"(0, 0, 0)",GAAT,3.2939557086485905e-06
"(1, 0, 0)",GAAT,3.946885732288537e-06
"(2, 0, 0)",GAAT,3.946885732288537e-06
"(3, 0, 0)",GAAT,4.355644731348008e-06
"(0, 0, 0)",GAAG,3.6662794093702022e-06
"(1, 0, 0)",GAAG,4.401168681023866e-06
"(2, 0, 0)",GAAG,4.401168681023866e-06
"(3, 0, 0)",GAAG,2.0449295314224884e-05
"(0, 0, 0)",GACA,3.876657220120587e-07
"(1, 0, 0)",GACA,4.7206953279098855e-07
"(2, 0, 0)",GACA,4.932982427595573e-07
"(3, 0, 0)",GACA,4.7206953279086785e-07
"(0, 0, 0)",GACC,4.590185876834983e-07
"(1, 0, 0)",GACC,4.932982427595578e-07
"(2, 0, 0)",GACC,4.720695327909889e-07
"(3, 0, 0)",GACC,4.7206953279098855e-07
"(0, 0, 0)",GACT,1.5342021290444153e-08
"(1, 0, 0)",GACT,1.7786584055542662e-08
"(2, 0, 0)",GACT,1.7786584055542662e-08
"(3, 0, 0)",GACT,1.7786584055542662e-08
"(0, 0, 0)",GACG,3.876657220120557e-07
"(1, 0, 0)",GACG,4.720695327908683e-07
"(2, 0, 0)",GACG,4.720695327908683e-07
"(3, 0, 0)",GACG,4.932982427595582e-07
"(0, 0, 0)",GATA,3.8766572201205875e-07
"(1, 0, 0)",GATA,4.720695327909886e-07
"(2, 0, 0)",GATA,4.932982427595574e-07
"(3, 0, 0)",GATA,4.7206953279086795e-07
"(0, 0, 0)",GATC,1.534202129044416e-08
"(1, 0, 0)",GATC,1.7786584055542662e-08
"(2, 0, 0)",GATC,1.7786584055542656e-08
"(3, 0, 0)",GATC,1.7786584055542662e-08
"(0, 0, 0)",GATT,4.5901858768349794e-07
"(1, 0, 0)",GATT,4.932982427595579e-07
"(2, 0, 0)",GATT,4.7206953279098924e-07
"(3, 0, 0)",GATT,4.7206953279098903e-07
"(0, 0, 0)",GATG,3.8766572201205563e-07
"(1, 0, 0)",GATG,4.7206953279086827e-07
"(2, 0, 0)",GATG,4.7206953279086827e-07
"(3, 0, 0)",GATG,4.93298242759558e-07
"(0, 0, 0)",GAGA,3.6662794093701594e-06
"(1, 0, 0)",GAGA,4.4011686810239605e-06
"(2, 0, 0)",GAGA,2.0449295314224843e-05
"(3, 0, 0)",GAGA,4.40116868102387e-06
"(0, 0, 0)",GAGC,3.293955708648545e-06
"(1, 0, 0)",GAGC,3.946885732288516e-06
"(2, 0, 0)",GAGC,4.3556447313480094e-06
"(3, 0, 0)",GAGC,3.946885732288545e-06
"(0, 0, 0)",GAGT,3.293955708648545e-06
"(1, 0, 0)",GAGT,3.946885732288515e-06
"(2, 0, 0)",GAGT,4.355644731348008e-06
"(3, 0, 0)",GAGT,3.946885732288544e-06
"(0, 0, 0)",GAGG,0.0002693131923426754
"(1, 0, 0)",GAGG,0.0003233073299084321
"(2, 0, 0)",GAGG,0.00033939791396157907
"(3, 0, 0)",GAGG,0.00032330732990843423
"(0, 0, 0)",GCAA,4.590185876834977e-07
"(1, 0, 0)",GCAA,4.932982427595573e-07
"(2, 0, 0)",GCAA,4.7206953279098855e-07
"(3, 0, 0)",GCAA,4.720695327909886e-07
"(0, 0, 0)",GCAC,3.8766572201205907e-07
"(1, 0, 0)",GCAC,4.720695327909889e-07
"(2, 0, 0)",GCAC,4.932982427595578e-07
"(3, 0, 0)",GCAC,4.720695327908682e-07
"(0, 0, 0)",GCAT,1.534202129044417e-08
"(1, 0, 0)",GCAT,1.7786584055542662e-08
"(2, 0, 0)",GCAT,1.7786584055542662e-08
"(3, 0, 0)",GCAT,1.7786584055542662e-08
"(0, 0, 0)",GCAG,3.8766572201205584e-07
"(1, 0, 0)",GCAG,4.720695327908683e-07
"(2, 0, 0)",GCAG,4.720695327908683e-07
"(3, 0, 0)",GCAG,4.93298242759558e-07
"(0, 0, 0)",GCCA,3.293955708648588e-06
"(1, 0, 0)",GCCA,3.9468857322885415e-06
"(2, 0, 0)",GCCA,3.9468857322885415e-06
"(3, 0, 0)",GCCA,4.355644731348007e-06
"(0, 0, 0)",GCCC,0.00026931319234267936
"(1, 0, 0)",GCCC,0.0003233073299084341
"(2, 0, 0)",GCCC,0.0003233073299084341
"(3, 0, 0)",GCCC,0.0003393979139615796
"(0, 0, 0)",GCCT,3.2939557086485888e-06
"(1, 0, 0)",GCCT,3.946885732288541e-06
"(2, 0, 0)",GCCT,3.946885732288541e-06
"(3, 0, 0)",GCCT,4.3556447313480094e-06
"(0, 0, 0)",GCCG,3.666279409370201e-06
"(1, 0, 0)",GCCG,4.40116868102387e-06
"(2, 0, 0)",GCCG,4.40116868102387e-06
"(3, 0, 0)",GCCG,2.0449295314224873e-05
"(0, 0, 0)",GCTA,1.5342021290444153e-08
"(1, 0, 0)",GCTA,1.7786584055542646e-08
"(2, 0, 0)",GCTA,1.778658405554265e-08
"(3, 0, 0)",GCTA,1.7786584055542646e-08
"(0, 0, 0)",GCTC,3.87665722012059e-07
"(1, 0, 0)",GCTC,4.720695327909891e-07
"(2, 0, 0)",GCTC,4.932982427595577e-07
"(3, 0, 0)",GCTC,4.72069532790868e-07
"(0, 0, 0)",GCTT,4.5901858768349804e-07
"(1, 0, 0)",GCTT,4.932982427595579e-07
"(2, 0, 0)",GCTT,4.720695327909892e-07
"(3, 0, 0)",GCTT,4.720695327909889e-07
"(0, 0, 0)",GCTG,3.8766572201205574e-07
"(1, 0, 0)",GCTG,4.7206953279086827e-07
"(2, 0, 0)",GCTG,4.7206953279086827e-07
"(3, 0, 0)",GCTG,4.932982427595579e-07
"(0, 0, 0)",GCGA,3.293955708648546e-06
"(1, 0, 0)",GCGA,3.946885732288515e-06
"(2, 0, 0)",GCGA,4.355644731348008e-06
"(3, 0, 0)",GCGA,3.946885732288542e-06
"(0, 0, 0)",GCGC,3.666279409370162e-06
"(1, 0, 0)",GCGC,4.401168681023962e-06
"(2, 0, 0)",GCGC,2.044929531422485e-05
"(3, 0, 0)",GCGC,4.40116868102387e-06
"(0, 0, 0)",GCGT,3.293955708648546e-06
"(1, 0, 0)",GCGT,3.946885732288515e-06
"(2, 0, 0)",GCGT,4.355644731348008e-06
"(3, 0, 0)",GCGT,3.946885732288542e-06
"(0, 0, 0)",GCGG,0.0002693131923426755
"(1, 0, 0)",GCGG,0.0003233073299084321
"(2, 0, 0)",GCGG,0.00033939791396157907
"(3, 0, 0)",GCGG,0.0003233073299084341
"(0, 0, 0)",GTAA,4.590185876834978e-07
"(1, 0, 0)",GTAA,4.932982427595574e-07
"(2, 0, 0)",GTAA,4.720695327909886e-07
"(3, 0, 0)",GTAA,4.720695327909886e-07
"(0, 0, 0)",GTAC,1.534202129044416e-08
"(1, 0, 0)",GTAC,1.7786584055542656e-08
"(2, 0, 0)",GTAC,1.7786584055542662e-08
"(3, 0, 0)",GTAC,1.7786584055542656e-08
"(0, 0, 0)",GTAT,3.876657220120591e-07
"(1, 0, 0)",GTAT,4.7206953279098924e-07
"(2, 0, 0)",GTAT,4.932982427595579e-07
"(3, 0, 0)",GTAT,4.7206953279086827e-07
"(0, 0, 0)",GTAG,3.8766572201205584e-07
"(1, 0, 0)",GTAG,4.7206953279086827e-07
"(2, 0, 0)",GTAG,4.7206953279086827e-07
"(3, 0, 0)",GTAG,4.932982427595579e-07
"(0, 0, 0)",GTCA,1.5342021290444146e-08
"(1, 0, 0)",GTCA,1.778658405554265e-08
"(2, 0, 0)",GTCA,1.7786584055542646e-08
"(3, 0, 0)",GTCA,1.7786584055542646e-08
"(0, 0, 0)",GTCC,4.5901858768349767e-07
"(1, 0, 0)",GTCC,4.932982427595577e-07
"(2, 0, 0)",GTCC,4.720695327909891e-07
"(3, 0, 0)",GTCC,4.72069532790989e-07
"(0, 0, 0)",GTCT,3.8766572201205907e-07
"(1, 0, 0)",GTCT,4.720695327909892e-07
"(2, 0, 0)",GTCT,4.932982427595579e-07
"(3, 0, 0)",GTCT,4.720695327908682e-07
"(0, 0, 0)",GTCG,3.8766572201205584e-07
"(1, 0, 0)",GTCG,4.7206953279086827e-07
"(2, 0, 0)",GTCG,4.7206953279086827e-07
"(3, 0, 0)",GTCG,4.932982427595579e-07
"(0, 0, 0)",GTTA,3.2939557086485867e-06
"(1, 0, 0)",GTTA,3.946885732288543e-06
"(2, 0, 0)",GTTA,3.946885732288543e-06
"(3, 0, 0)",GTTA,4.355644731348008e-06
"(0, 0, 0)",GTTC,3.293955708648587e-06
"(1, 0, 0)",GTTC,3.946885732288543e-06
"(2, 0, 0)",GTTC,3.946885732288543e-06
"(3, 0, 0)",GTTC,4.355644731348009e-06
"(0, 0, 0)",GTTT,0.00026931319234267925
"(1, 0, 0)",GTTT,0.000323307329908434
"(2, 0, 0)",GTTT,0.000323307329908434
"(3, 0, 0)",GTTT,0.00033939791396157923
"(0, 0, 0)",GTTG,3.6662794093701992e-06
"(1, 0, 0)",GTTG,4.401168681023871e-06
"(2, 0, 0)",GTTG,4.401168681023871e-06
"(3, 0, 0)",GTTG,2.0449295314224853e-05
"(0, 0, 0)",GTGA,3.293955708648546e-06
"(1, 0, 0)",GTGA,3.9468857322885144e-06
"(2, 0, 0)",GTGA,4.355644731348008e-06
"(3, 0, 0)",GTGA,3.946885732288542e-06
"(0, 0, 0)",GTGC,3.293955708648547e-06
"(1, 0, 0)",GTGC,3.946885732288515e-06
"(2, 0, 0)",GTGC,4.355644731348008e-06
"(3, 0, 0)",GTGC,3.946885732288543e-06
"(0, 0, 0)",GTGT,3.666279409370162e-06
"(1, 0, 0)",GTGT,4.401168681023961e-06
"(2, 0, 0)",GTGT,2.0449295314224846e-05
"(3, 0, 0)",GTGT,4.401168681023869e-06
"(0, 0, 0)",GTGG,0.0002693131923426755
"(1, 0, 0)",GTGG,0.00032330732990843206
"(2, 0, 0)",GTGG,0.000339397913961579
"(3, 0, 0)",GTGG,0.0003233073299084341
"(0, 0, 0)",GGAA,6.914846417243838e-05
"(1, 0, 0)",GGAA,2.0449295314224843e-05
"(2, 0, 0)",GGAA,4.4011686810239605e-06
"(3, 0, 0)",GGAA,4.4011686810239605e-06
"(0, 0, 0)",GGAC,4.966246365512488e-06
"(1, 0, 0)",GGAC,4.3556447313480094e-06
"(2, 0, 0)",GGAC,3.946885732288516e-06
"(3, 0, 0)",GGAC,3.946885732288516e-06
"(0, 0, 0)",GGAT,4.966246365512488e-06
"(1, 0, 0)",GGAT,4.355644731348008e-06
"(2, 0, 0)",GGAT,3.946885732288515e-06
"(3, 0, 0)",GGAT,3.946885732288515e-06
"(0, 0, 0)",GGAG,0.00033493808283707624
"(1, 0, 0)",GGAG,0.00033939791396157907
"(2, 0, 0)",GGAG,0.0003233073299084321
"(3, 0, 0)",GGAG,0.0003233073299084321
"(0, 0, 0)",GGCA,4.966246365512487e-06
"(1, 0, 0)",GGCA,4.355644731348008e-06
"(2, 0, 0)",GGCA,3.946885732288515e-06
"(3, 0, 0)",GGCA,3.946885732288515e-06
"(0, 0, 0)",GGCC,6.914846417243837e-05
"(1, 0, 0)",GGCC,2.044929531422485e-05
"(2, 0, 0)",GGCC,4.401168681023962e-06
"(3, 0, 0)",GGCC,4.401168681023962e-06
"(0, 0, 0)",GGCT,4.9662463655124875e-06
"(1, 0, 0)",GGCT,4.355644731348008e-06
"(2, 0, 0)",GGCT,3.946885732288515e-06
"(3, 0, 0)",GGCT,3.946885732288515e-06
"(0, 0, 0)",GGCG,0.00033493808283707624
"(1, 0, 0)",GGCG,0.00033939791396157907
"(2, 0, 0)",GGCG,0.0003233073299084321
"(3, 0, 0)",GGCG,0.0003233073299084321
"(0, 0, 0)",GGTA,4.966246365512487e-06
"(1, 0, 0)",GGTA,4.355644731348008e-06
"(2, 0, 0)",GGTA,3.9468857322885144e-06
"(3, 0, 0)",GGTA,3.9468857322885144e-06
"(0, 0, 0)",GGTC,4.966246365512487e-06
"(1, 0, 0)",GGTC,4.355644731348008e-06
"(2, 0, 0)",GGTC,3.946885732288515e-06
"(3, 0, 0)",GGTC,3.946885732288515e-06
"(0, 0, 0)",GGTT,6.914846417243834e-05
"(1, 0, 0)",GGTT,2.0449295314224846e-05
"(2, 0, 0)",GGTT,4.401168681023961e-06
"(3, 0, 0)",GGTT,4.401168681023961e-06
"(0, 0, 0)",GGTG,0.0003349380828370762
"(1, 0, 0)",GGTG,0.000339397913961579
"(2, 0, 0)",GGTG,0.00032330732990843206
"(3, 0, 0)",GGTG,0.00032330732990843206
"(0, 0, 0)",GGGA,0.002910637245556787
"(1, 0, 0)",GGGA,0.0029029746146940587
"(2, 0, 0)",GGGA,0.0029029746146940587
"(3, 0, 0)",GGGA,0.0029029746146940587
"(0, 0, 0)",GGGC,0.0029106372455567874
"(1, 0, 0)",GGGC,0.002902974614694059
"(2, 0, 0)",GGGC,0.002902974614694059
"(3, 0, 0)",GGGC,0.002902974614694059
"(0, 0, 0)",GGGT,0.002910637245556787
"(1, 0, 0)",GGGT,0.0029029746146940587
"(2, 0, 0)",GGGT,0.0029029746146940587
"(3, 0, 0)",GGGT,0.0029029746146940587
"(0, 0, 0)",GGGG,0.23834112869277402
"(1, 0, 0)",GGGG,0.23816305569602336
"(2, 0, 0)",GGGG,0.23816305569602336
"(3, 0, 0)",GGGG,0.23816305569602336
